:020000040800F2
:1000000010110020F1010008257200081364000897
:10001000D57000084D060008018A000800000000A5
:10002000000000000000000000000000397300081C
:10003000B909000800000000B5720008E178000866
:100040000B0200080B0200080B0200080B0200085C
:100050000B0200080B0200080B0200080B0200084C
:100060000B0200080B0200080B02000871080008D0
:100070008108000891080008A1080008B1080008DC
:10008000C10800080B0200080B0200080B02000860
:100090000B0200080B0200080B0200080B0200080C
:1000A0000B0200087D7900080B0200086D7900083A
:1000B0008D7900080B0200080B0200080B020008F3
:1000C0000B0200080B0200080B0200080B020008DC
:1000D0000B020008A5890008B5890008C589000839
:1000E0000B0200080B0200080B0200080B020008BC
:1000F0000B0200080B0200080B0200080B020008AC
:100100000B0200080B0200080B0200080B0200089B
:10011000317F00086D7F00080B0200080B02000809
:10012000E1080008F1080008010900080B020008B6
:100130000B0200080B0200080B0200080B0200086B
:100140000B0200080B0200080B0200080B0200085B
:10015000DD5A0008ED5A00080B0200080B020008E7
:100160000B0200080B0200080B0200080B0200083B
:100170000B0200080B0200080B0200080B0200082B
:100180000B0200080B0200080B0200080B0200081B
:100190000B020008000000000B0200080B02000820
:1001A0000B0200080B0200080B0200080B020008FB
:1001B0000B0200080B0200080B0200080B020008EB
:1001C000D10800080B0200080B0200080B0200080F
:1001D0000B0200080B020008DFF810D000F08EF8C8
:1001E00000480047718B0008AFF300801011002019
:1001F0000648804706480047FEE7FEE7FEE7FEE7C1
:10020000FEE7FEE7FEE7FEE7FEE7FEE759790008B6
:10021000D90100082DE9F05F0546002092469B4673
:1002200088460646814640241BE02846414647460C
:10023000224600F053F853465A46C01A914110D353
:1002400011461846224600F03AF82D1A67EB0108CD
:100250004F4622460120002100F031F817EB00093B
:100260004E41201EA4F10104DFDC484631462A46F7
:100270004346BDE8F09F40EA01039B0703D009E035
:1002800008C9121F08C0042AFAD203E011F8013B82
:1002900000F8013B521EF9D27047D2B201E000F8DB
:1002A000012B491EFBD270470022F6E710B513461A
:1002B0000A4604461946FFF7F0FF204610BD202AE3
:1002C00004DB203A00FA02F1002070479140C2F1AD
:1002D000200320FA03F3194390407047202A04DBDF
:1002E000203A21FA02F00021704721FA02F3D040AF
:1002F000C2F120029140084319467047064C074D51
:1003000006E0E06840F0010394E8070098471034E5
:10031000AC42F6D3FFF764FF3C8D00085C8D00080B
:1003200070B50546AC6AE06D00F0500098BBE06D1A
:1003300040F40070E0652068006800F00800A8B193
:10034000206806F0A7F810B32068C06800F40050D9
:10035000E8B9E06D20F48070E065E06D00F4805055
:10036000A8B9E06D40F00100E06510E02068C068C9
:1003700000F0020058B9E06D20F48070E065E06D97
:1003800000F4805018B9E06D40F00100E0652046AF
:1003900001F070FA0CE0FFE7E06D00F0100018B11A
:1003A000204601F069FA03E0606D416B28468847FA
:1003B00070BD70B50546AC6AE06D40F04000E06588
:1003C000206E40F004002066204601F055FA70BD12
:1003D00070B50446A56A284601F04DFA70BD0000CC
:1003E00070B50446206806F037F80646206806F027
:1003F00038F898B396BB2068806800F00D0001289B
:100400000AD1206881681A4A1140891C816000BFA6
:1004100003202168086009E0E06D40F01000E0650D
:10042000206E40F001002066012070BD02F0F8F857
:10043000054614E002F0F4F8401B02280FD92068AA
:10044000806800F0010050B1E06D40F01000E06500
:10045000206E40F0010020660120E6E705E02068FC
:10046000806800F001000028E4D10020DDE70000F2
:10047000C0FFFF7F38B5044600200090206805F0DB
:10048000F0FF002858D1206880682C49084048B106
:10049000E06D40F01000E065206E40F00100206645
:1004A000012038BD206805F0B7FF2168B1F1A04FE9
:1004B00003D0234A2168914201D1224900E0224918
:1004C000084605F0B1FF00F4000080B11F48006845
:1004D0001F49B0FBF1F0401C00EB40008000009091
:1004E00002E00098401E009000980028F9D102F028
:1004F00097F805461AE0206805F0B3FF10B92068A8
:1005000005F08AFF02F08CF8401B02280ED9206803
:10051000006800F0010048B9E06D40F01000E065AF
:10052000206E40F0010020660120BAE720680068D4
:1005300000F001000028DED00020B2E73F0000807C
:1005400000010050000300500007005098000020F8
:10055000400D030090B0012006F0FAFF06F0FEFF08
:1005600000BF0FA807F01CF900B1FAE7BDF93C0085
:1005700007F0E4F800B1F4E701A807F03FF800B194
:10058000EFE708A901A800F075FD012108A807F010
:1005900025F900B1E5E7E4E72DE9F04104460D4611
:1005A00004B115B90020BDE8F08100BFEFF3108061
:1005B000074672B62A462146034801F0C7FC0646A4
:1005C00007B962B6B0B2EEE72403002010B506F01A
:1005D00087F906F009F906F0E3F806F031FC06F0B9
:1005E00071FC06F0B1FC06F0F1FC06F031FD05F0FF
:1005F0008FFF06F001F806F063F806F0FFF906F049
:1006000053FB06F03BFB06F0DDFB01210B4802F03B
:1006100033FD0421094802F02FFD4FF40031074853
:1006200002F0AEFC4FF48021044802F0A9FC4FF424
:100630008031024802F086FC10BD00004803002013
:1006400010B50446204601F0E1FE10BD00BFFEE7F4
:1006500070B503460C4600210BE04800401C34F8FE
:1006600010004E0034F8166040EA06401E68306004
:10067000491CB1EB520FF0D302F0010020B11D680C
:10068000480034F8100028801868006870BDF0B584
:1006900004460B46002113E013F8210007068800EA
:1006A000401C185C47EA00478800801C185C47EA39
:1006B00000208F00FF1CDF5D384327683860491C2D
:1006C000B1EB920FE8D302F0030030B302F0030065
:1006D000012803D113F821002768387002F00300C5
:1006E000022808D18800401C185C13F8217040EAE9
:1006F00007252668358002F0030003280DD1880005
:10070000401C185C13F8217040EA072526683580E4
:100710008800801C185C2768387020680068F0BD6D
:1007200030B503460C46002103B10CB9002030BDA2
:10073000002213E0985C414000250BE001F08000AE
:1007400020B1012000EB4100C1B201E04806010EDA
:10075000681CC5B2082DF1D3501C82B2A242E9DB5D
:100760000846E4E701700A0A4270704701460878BB
:100770004A7840EA022000B2704701700A0A4270CB
:100780000A0C82700A0EC2707047014609B9012036
:10079000704791F8600091F86120904201D10120EA
:1007A000F6E70020F4E700B97047002180F86010F8
:1007B00080F8611000BFF7E7024602B109B90120D5
:1007C000704792F8610092F86030984201D10120A0
:1007D000F6E792F8610000EB400002EB800003684E
:1007E0000B6043684B608068886012F8610F401CA2
:1007F000107012F86109082802DB002082F86100FD
:100800000020DDE72DE9F04104460F46154604B10E
:1008100017B90120BDE8F08194F86000401CC6B211
:10082000082E00DB002694F86100B04201D10120BF
:10083000F0E70A2D00DD0A2594F8600000EB400087
:1008400004EB80082A46394608F1020006F068FDEC
:10085000A8F8005014F8600F401C207014F86009CC
:10086000082802DB002084F860000020D2E70000A6
:1008700010B5024801F081FC10BD00000402002008
:1008800010B5024801F079FC10BD000064020020A0
:1008900010B5024801F071FC10BD00002C0B0020C7
:1008A00010B5024801F069FC10BD00008C0B00205F
:1008B00010B5024801F061FC10BD0000C402002028
:1008C00010B5024801F059FC10BD00004C0C00208E
:1008D00010B5024801F051FC10BD0000EC0B0020E7
:1008E00010B5024801F049FC10BD0000AC0C00201E
:1008F00010B5024801F041FC10BD00006C0A002058
:1009000010B5024801F039FC10BD0000CC0A0020EF
:1009100030B50E4D0468AC4201D20D4901E00C49DE
:1009200020310B460478083C1425B4FBF5F2446CE6
:10093000A40803EB84048464054C8034C46402F08E
:100940001F050124AC40046530BD000008040240CE
:100950000008024001794A1E064B03EB8202426501
:10096000044A403282654A1E02F01F0301229A4067
:10097000C26570470009024030B5D0E913546C607D
:10098000446D14B1D0E916546C6090F8444004F002
:100990001F050124AC40056C6C60046863608468CA
:1009A000102C04D10468A2600468E16003E00468CC
:1009B000A1600468E26030BD70470000014609B9DB
:1009C00001207047044802680A804FF6FF7000EA71
:1009D000124048800020F4E710000020014609B9C9
:1009E000012070470248008808800020F9E70000D5
:1009F0000C00002004490988044A128841EA024098
:100A00000349086070470000080000200A00002029
:100A10001000002070B504460D460DB1012000E025
:100A200000200646032C04D0042C08D0052C14D139
:100A30000CE0324610210A4801F0ECFD0EE032468F
:100A40004FF40071064801F0E5FD07E032464FF42F
:100A50000051044801F0DEFD00E000BF00BF70BDA2
:100A6000000400480008004810B504460121204653
:100A7000FFF7D0FF032C04D0042C0DD0052C1FD180
:100A800015E01148006840F040000F49086002205E
:100A90000D492831086014E00C48006840F040001F
:100AA0000A490860022009492831086009E008481D
:100AB000006840F04000064908600220886200E0BB
:100AC00000BF00BF10BD000000480040004C0040C7
:100AD0000050004010B504460CB9012010BD23465B
:100AE000024A0349034800F07AF9F7E73C00002086
:100AF000500500204000002010B504460CB901202C
:100B000010BD2346024A0349034800F068F9F7E79D
:100B10003E000020680500205000002010B504466B
:100B20002CB900224021054801F074FD04E00122A7
:100B30004021024801F06EFD10BD00000004004895
:100B400010B504462CB101222021064801F062FDB7
:100B500007E000222021034801F05CFD002002494B
:100B6000087010BD000400481E000020014642F23B
:100B70001070814201D90120704703480180012093
:100B8000024A10700020F7E71C0000201E00002021
:100B9000FEB507460C46154607B10CB90120FEBD4F
:100BA0000E48FFF7F2FD08B10120F8E769460B484F
:100BB000FFF702FE08B10120F1E7BDF80060A64290
:100BC00000DD264632460DF102013846FFF753FBA1
:100BD00015B1BDF8000028800020E0E726070020BE
:100BE00070B504460D46002604B10DB9012070BD54
:100BF0002A462146044804F01FFF06460EB1012094
:100C0000F5E70020F3E700004409002010B5044692
:100C10000CB9012010BD2346024A0349034800F0E5
:100C2000DEF8F7E73D0000208005002048000020A6
:100C30002DE9F74F82B00446154604B11DB90120D5
:100C400005B0BDE8F08F0398062801D20220F7E72F
:100C500094F80080667894F8029094F803A094F8D1
:100C600004B060790090B8F1020F01D00320E7E7EB
:100C700005212046FFF754FD07460098874201D022
:100C80000420DDE7C6F300102870C6F3401068703A
:100C900006F0300008B10520D2E749EA0A2040EA10
:100CA0000B4001900198C0F3140068600020C7E772
:100CB000FEB504460CB90120FEBD6846FFF70AFFE9
:100CC00008B10620F8E7224606216846FFF7B0FF84
:100CD000064604F1080206210DF10600FFF7A8FF01
:100CE00005460EB13046E7E70DB12846E4E700209F
:100CF000E2E7FEB504460CB90120FEBD6846FFF7E9
:100D0000FBFE08B10620F8E7224606216846FFF7F9
:100D10008FFF054604F1080206210DF10600FFF7DA
:100D200087FF06460DB12846E7E70EB13046E4E7F7
:100D300006F084FA0746606838406060E068384032
:100D4000E0600020D9E7FEB504460CB90120FEBDE5
:100D50006846FFF75BFF08B10620F8E72246062148
:100D60006846FFF765FF064604F1080206210DF10B
:100D70000600FFF75DFF05460EB13046E7E70DB10F
:100D80002846E4E76068C0F310006060E068C0F3E4
:100D90001001E1600020DAE702460AB9002070473E
:100DA000062A01D10220FAE70846F8E710B50478D0
:100DB0002CB91C68C2F806409C88548104E00C6879
:100DC000C2F806408C8854811C6814609C8894800A
:100DD0001C680C609C888C800124047010BD2DE977
:100DE000F04104460D461646002720E031780229DE
:100DF00000D3002154F8212002F0010000B115E0D9
:100E000001EB410005EB8000D0F80080C3F80080C2
:100E1000D0F80480C3F804808068986054F821C03A
:100E2000624502D10020BDE8F08100BF7F1C082F81
:100E3000DCD300201860586098600320F3E7016855
:100E4000491C016000BF00BF704700BF00BF0368BE
:100E50005B1C036000BF00BF0A707047F0B503461B
:100E60000C461646112E07D0142E03D0152E05D190
:100E70001B4806E01B4804E01B4802E09FED1B0AEC
:100E8000F0BD00BF834201D9074600E01F463B4644
:100E9000844201D9074600E027463C46E11A471C38
:100EA0007D08A94201DDCA1B06E06F42B94202DAA1
:100EB000471CCA1900E00A4600EE102AB8EEC00A24
:100EC000DFED0B0A20EE200A9FED0A1AC0EE010AA0
:100ED000471C00EE107AB8EE401A80EE810ACFE788
:100EE000FFFF1F00FFFF0F00FFFF010000000000D9
:100EF0000000B4436F12833A0146B4EE400AF1EEAB
:100F000010FA0DD19FED171AB4EEC10AF1EE10FAE6
:100F100006DC9FED151AB4EEC10AF1EE10FA01D20B
:100F20000020704701EE101AF8EE411AB1EE082ABF
:100F300081EE821A61EE000AF5EEC00AF1EE10FAB7
:100F400004DBB6EE001A30EE811A03E0B6EE001AAA
:100F500030EEC11AF0EE410ABDEEE01A11EE100AB1
:100F6000DFE70000286B6E4E286B6ECE0246B4EEB3
:100F7000400AF1EE10FA0DD1DFED150AB4EEE00AE9
:100F8000F1EE10FA06DCDFED130AB4EEE00AF1EE42
:100F900010FA01D20020704700EE901AF8EEE00A35
:100FA000B4EEE00AF1EE10FA01DB0846F3E700EEDA
:100FB000902AF8EEE00AB4EEE00AF1EE10FA01D859
:100FC0001046E8E7FDEEC00A10EE900AE3E70000E5
:100FD000286B6E4E286B6ECE10B5044614B99FED8B
:100FE000040A10BD15226168E068FFF737FFF8E7D3
:100FF0000000000070B5044614B99FED060A70BDEC
:1010000006F012F905462A466168E068FFF726FFF8
:10101000F5E700000000000010B52DED028B04463E
:1010200024B99FED0F0ABDEC028B10BD112261683F
:10103000E068FFF713FFB0EE408A9FED0A0AB4EEB6
:10104000C08AF1EE10FA06DC9FED070AB4EEC08A02
:10105000F1EE10FA00D200BFB0EE480AE3E700005C
:101060000000000000606A4700606AC772B600E0D6
:1010700000BFFDE701B9704702880A8042684A60F4
:1010800082688A60C268CA6002690A6142694A610C
:1010900082698A6100BFEEE7F8B504460D4600207C
:1010A000009000BF94F85800012801D10220F8BD3B
:1010B000012084F8580000BF2046FFF791F906464A
:1010C0008EBBE06D20F4885040F00200E06520689F
:1010D00081681B4A114005F0804242F000421143F2
:1010E000816000BF13E00098401C009015490098F3
:1010F00088420CD3E06D20F0020040F01000E06563
:1011000000BF002084F8580000BF0120CFE720680E
:101110008168C90F0029E6D1E06D20F0020040F09F
:101120000100E06504E0FFE7E06D40F01000E065DD
:1011300000BF002084F8580000BF3046B7E7000029
:10114000C0FFFF3F02DE04002DE9F0439BB00446E0
:101150000E464FF00008306800B100BF00BF94F8A1
:101160005800012803D102201BB0BDE8F083012004
:1011700084F8580000BF0020179018902068B0F144
:10118000A04F02D15848009008E058492068884292
:1011900002D15748009001E000200090009850B91B
:1011A000E06D40F02000E06500BF002084F85800AA
:1011B00000BF0120D8E7009805F067F907462068CE
:1011C00005F063F900287DD1002F7FD12068B0F1B0
:1011D000A04F03D044492068884201D1454800E02F
:1011E000454805463068D8B394F83800716841EA3C
:1011F0004030A96821F460410843A8602068B0F13C
:10120000A04F03D038492068884201D1394800E016
:101210003948384988420AD14FF0A04005F026F9F4
:101220008146314805F022F949EA00000DE02F48D7
:1012300005F01CF981462E4805F018F949EA000925
:101240002E4805F013F949EA0000E0BBB1683068A8
:101250000843A96840F61F7291430843A8603BE029
:10126000FFE7A86820F46040A8602068B0F1A04FB4
:1012700003D01D492068884201D11E4800E01E4865
:101280001C4988420AD14FF0A04005F0EFF8814692
:10129000154805F0EBF849EA00000DE0134805F0A9
:1012A000E5F88146124805F0E1F849EA00091348DB
:1012B00005F0DCF849EA000028B9A86840F61F717B
:1012C000884301E002E007E0A86005E0E06D40F03F
:1012D0002000E0654FF0010800BF002084F85800AE
:1012E00000BF404640E700000001005000040050ED
:1012F0000005005000030050000700500006005099
:101300002DE9F84F05460C464FF0000A00200090EA
:10131000FE49E068884200D000E000BF00BF95F8B9
:101320005800012802D10220BDE8F88F012085F87D
:10133000580000BF286805F0A3F800287DD129686F
:10134000D4E9002001F1300CC0F3012B0CEB8B032E
:10135000D3F800C000F01F0E4FF01F0B0BFA0EFB6E
:101360002CEA0B0C00F01F0BC2F3846E0EFA0BFE7E
:101370004CEA0E0CC3F800C000BF286805F080F8E6
:101380008146286805F063F88046B9F1000F64D102
:10139000B8F1000FFBD1A068B0F1004F0AD121686D
:1013A0000022286805F088F84FF00041286805F011
:1013B000A8F808E0A2682168286805F07DF80021F7
:1013C000286805F09EF860692968C968C1F3C10101
:1013D000490000FA01F7206904283FD028682268F4
:1013E000216900F1600C0CEB8103D3F800C0DFF839
:1013F00020B30CEA0B0C02F0F84B4BF0004B4BEA1D
:10140000070B4CEA0B0CC3F800C000BF2868A269A8
:10141000216900F1600C0CEB8103D3F800C02CF0C3
:10142000807C4CEA020CC3F800C000BF2868227F11
:101430002169012A02D1520601E0F6E10022134699
:1014400000F1600C0CEB8102D2F800C02CF0007CA3
:101450004CEA030CC2F800C000BFA7E000212868D6
:1014600004F0ECFFC0F3120030B90021286804F04A
:10147000E5FFC0F3846007E00021286804F0DEFF88
:1014800090FAA0F0B0FA80F02168C1F3120119B906
:101490002168C1F3846104E0216891FAA1F1B1FAF5
:1014A00081F1884204D100221146286805F01EF817
:1014B0000121286804F0C2FFC0F3120030B90121F5
:1014C000286804F0BBFFC0F3846007E001212868AE
:1014D00004F0B4FF90FAA0F0B0FA80F02168C1F3F4
:1014E000120119B92168C1F3846104E0216891FAFD
:1014F000A1F1B1FA81F1884204D1002201212868CA
:1015000004F0F4FF0221286804F098FFC0F31200F1
:1015100030B90221286804F091FFC0F3846007E02D
:101520000221286804F08AFF90FAA0F0B0FA80F057
:101530002168C1F3120119B92168C1F3846104E083
:10154000216891FAA1F1B1FA81F1884204D1002217
:101550000221286804F0CAFF0321286804F06EFF06
:10156000C0F3120030B90321286804F067FFC0F30C
:10157000846007E00321286804F060FF90FAA0F07F
:10158000B0FA80F02168C1F3120119B92168C1F3E2
:10159000846104E0216891FAA1F1B1FA81F18842F5
:1015A00004D100220321286804F0A0FF286804F079
:1015B00058FF002870D12868E2682168D0F8B0C0D0
:1015C000C1F312032CEA030C02F0180B514B23FA5F
:1015D0000BF30B404CEA030CC0F8B0C000BF4B4902
:1015E000E068884258D12368C3F312031BB923680B
:1015F000C3F3846304E0236893FAA3F3B3FA83F399
:101600005B1C03F01F03092B3ED82368C3F31203AE
:101610001BB92368C3F3846304E0236893FAA3F33C
:10162000B3FA83F35B1C03F01F034FF0010C0CFAB9
:1016300003FC2368C3F312031BB92368C3F3846359
:1016400004E0236893FAA3F3B3FA83F35B1C03F07B
:101650001F034CEA836C2368C3F312031BB923688E
:10166000C3F3846304E0236893FAA3F3B3FA83F328
:101670005B1C03F01F0303EB43034FF0000B4BEA2B
:1016800003534CEA03033FE02368C3F3120323B977
:101690002368C3F3846305E042E0236893FAA3F36D
:1016A000B3FA83F35B1C03F01F034FF0010C0CFA39
:1016B00003FC2368C3F312031BB92368C3F38463D9
:1016C00004E0236893FAA3F3B3FA83F35B1C03F0FB
:1016D0001F034CEA836C2368C3F312031BB923680E
:1016E000C3F3846304E0236893FAA3F3B3FA83F3A8
:1016F0005B1C03F01F030A3B03EB43034FF0007B2B
:101700004BEA03534CEA0303194605E000007F400F
:1017100000F0FF03FFFF0700A268286804F0CCFE7A
:10172000484920680840002842D02968B1F1A04FFC
:1017300003D0454A2968914201D1444900E0444917
:10174000084604F071FE064642492068884203D0EC
:101750004149206888422CD106F4000048BB286823
:10176000B0F1A04F03D03D492868884263D12A6870
:10177000B2F1A04F03D0344B2A689A4201D1334AC8
:1017800000E0334A104646F4000104F0A9FE344854
:1017900000683449B0FBF1F0401C00EB40008000D1
:1017A000009002E00098401E009000980028F9D1B7
:1017B00041E02D49206888421BD106F08070C0B9F5
:1017C00021492868884203D128492868884232D0B4
:1017D0002A68B2F1A04F03D01B4B2A689A4201D16C
:1017E0001A4A00E01A4A104646F0807104F078FE6A
:1017F00021E01F49206888421DD106F48000D0B93D
:1018000011492868884216D02A68B2F1A04F03D047
:101810000B462A689A4201D10C4A00E00C4A104655
:1018200046F4800104F05CFE05E0E86D40F0200025
:10183000E8654FF0010A00BF002085F8580000BF9E
:10184000504671E500000880000100500003005080
:1018500000070050000021C31000C0900006005097
:1018600098000020400D0300000052C70005005002
:10187000000084CB70477047704700002DE9F843A3
:1018800004464FF000080020009014B90120BDE884
:10189000F883606920B194F82400012800D100BFCA
:1018A000E06D30B9204600F045F90020206684F84C
:1018B000580020688168C1F3407131B120688168A7
:1018C000914A1140816000BF00BF206804F0D3FD41
:1018D000B0B9206881688D4A114041F08051816023
:1018E00000BF8B4800688B49B0FBF1F0401C400002
:1018F000009002E00098401E009000980028F9D166
:10190000206804F0B8FD48B9E06D40F01000E065D3
:10191000206E40F0010020664FF00108206804F0BE
:10192000AFFD0646E06D00F0100000287ED1002ECD
:10193000FCD1E06D20F4807040F00200E06520688A
:1019400004F08FFD88BB2068B0F1A04F03D072492E
:101950002068884201D1714800E071486F4988428F
:101960000AD14FF0A04004F07CFD81466A4804F0A3
:1019700078FD49EA00000DE06A4804F072FD8146F6
:10198000694804F06EFD49EA0009684804F069FD01
:1019900049EA000048B92268B2F1A04F03D05E4B7B
:1019A00022689A4202D15D4A01E009E05C4A104691
:1019B0006168826822F47C120A43826000BF00BF23
:1019C000607FE16B41EA4030E1680843A168084369
:1019D00094F8241040EA014594F82400012803D12A
:1019E000208D401E45EA4045E06A28B1A08D00F4F4
:1019F0007870216B084305432068C0684C49084053
:101A000028432168C8602068006920F04060616B4D
:101A1000084321680861206804F019FD0746EEBB01
:101A2000E7BB207F002141EA803100E064E094F8C8
:101A3000380041EA40052068C06844F2020188434A
:101A400028432168C860206980B12068006940F49B
:101A50008030216808612068D0F8C0006FF30D0065
:101A6000216908432168C1F8C0000DE020680069C1
:101A700020F48030216808612068D0F8C0006FF33E
:101A80000D002168C1F8C00094F84000012813D16E
:101A9000606C40F00101A06C084300E012E0E16CD2
:101AA0000843216D08432168096940F2FC729143A3
:101AB00008432168086105E02068006920F0010002
:101AC000216808616069012809D12068006B20F055
:101AD0000F00216A491E08432168086305E0206859
:101AE000006B20F00F0021680863E06D20F0020019
:101AF00040F00100E06505E0E06D40F01000E065B9
:101B00004FF001084046C2E6C0FFFF5FC0FFFF7F05
:101B100098000020400D0300000100500003005019
:101B2000000700500004005000050050000600505F
:101B30000740F0FF10B59CB00446142117A8FEF72B
:101B4000B3FB542102A8FEF7AFFB2068B0F1A04F11
:101B500057D14FF4004002908003139002A801F087
:101B6000E7FC08B1FFF782FA7D480068401C7C4919
:101B700008600846006801280DD100BF7948C06C94
:101B800040F400507749C8640846C06C00F4005027
:101B9000019000BF00BF00BF7248C06C40F0010060
:101BA0007049C8640846C06C00F00100019000BF95
:101BB00000BF01201790032018900020199017A94A
:101BC0004FF0904000F036FC6748684908600520F7
:101BD0004860002165488160C16080210161490041
:101BE0004161890081612021C161C901016200F068
:101BF00043FB08B1FFF73AFA00BF5C4860658462B6
:101C0000ACE05B492068884257D1C0010290800354
:101C1000139002A801F08CFC08B1FFF727FA504896
:101C20000068401C4E4908600846006801280DD134
:101C300000BF4C48C06C40F400504A49C864084694
:101C4000C06C00F40050019000BF00BF00BF4548C9
:101C5000C06C40F001004349C8640846C06C00F005
:101C60000100019000BF00BF0220179003201890D0
:101C70000020199017A94FF0904000F0DBFB3A4884
:101C800014303C49086024204860002139488160B4
:101C9000C160802101614900416189008161202189
:101CA000C161C901016200F0E7FA08B1FFF7DEF98E
:101CB00000BF30486065846250E02F492068884248
:101CC0004CD180010290C003149002A801F030FCB6
:101CD00008B1FFF7CBF900BF2248C06C40F4804048
:101CE0002049C8640846C06C00F48040019000BFE1
:101CF00000BF00BF0846C06C40F00200C864084640
:101D0000C06C00F00200019000BF00BF02201790DD
:101D1000032018900020199017A9184800F08AFB9A
:101D200011485030164908602520486000211448A9
:101D30008160C16080210161490041618900816148
:101D40002021C161C901016200F096FA08B1FFF7D4
:101D50008DF900BF0A486065846200BF1CB010BDE9
:101D60001800002000100240080002400402002079
:101D700000010050640200200004005000040048EC
:101D8000C40200202DE9F04104460F469046216828
:101D9000B1F1A04F03D0484A2168914201D147498F
:101DA00000E04749084604F044FB0646206804F07A
:101DB00067FB00287CD100BF94F85800012802D1AD
:101DC0000220BDE8F081012084F8580000BF3D49A1
:101DD0002068884201D1012000E0002020B91EB116
:101DE000052E01D0092E5DD12046FEF743FB0546A6
:101DF000002D52D1E06D40F60161884340F48070BF
:101E0000E0652D492068884202D14FF0A04006E0ED
:101E10002D492068884201D12C4800E020682168C3
:101E2000884200D01EB9E06D20F48010E065E06DBE
:101E300000F4805020B1206E20F00600206601E002
:101E4000002020662248616DC8622248616D0863E7
:101E50002148616D48631C202168086000BF002094
:101E600084F8580000BF2068406840F010002168E6
:101E700048602068C06840F001002168C86022689E
:101E800002F1400143463A46606D00F05DFA0546B6
:101E9000206804F009FB0CE00AE000BF002084F891
:101EA000580006E0012500BF002084F8580000E03B
:101EB0000225284685E7000000010050000300507D
:101EC00000070050000600500005005000040050BC
:101ED00021030008D1030008B303000870B50346CE
:101EE0000C4600201F2104F001050DB9012022E05D
:101EF00000BF0D1EA1F1010106D001F01F06012552
:101F0000B5402540002DF4D08AB1082A0BD0102A04
:101F100005D0182A0CD1072900D301200AE008298E
:101F200000D3012006E0102900D3012002E001E0E7
:101F3000012000BF00BF40B91D686C611D68AD681D
:101F400025F0180515431E68B56070BD2DE9F041F8
:101F500004460E4617464FF00008022060772068BE
:101F6000806840F0010021688860206A012810D054
:101F7000022815D003281AD1002504E056F82500C0
:101F8000216808606D1CBD42F8D32068D0F800803D
:101F90000EE03A4631462046FEF779FB804607E0E0
:101FA0003A4631462046FEF753FB804600E000BF2C
:101FB00000BF012060774046BDE8F08110B50446BF
:101FC0000CB9012010BD607F20B900202077204689
:101FD00000F036F802206077207948B91748216868
:101FE00048612068806820F018002168886007E058
:101FF0002046D4E90212FFF771FF08B10120E1E7A2
:10200000607920B94FF0FF302168086102E0216853
:10201000206908612068806820F0600061690843D9
:10202000216888602068806820F08000A1690843EA
:1020300021688860012060770020C3E7B71DC104D4
:1020400008B5094A016891420DD100BF0749896C62
:1020500041F48051054A91641146896C01F4805124
:10206000009100BF00BF08BD0030024000100240D8
:102070000146002091F82520022A03D00422CA63D9
:10208000012027E00A68126822F00E020B681A602D
:102090008A6C126822F480728B6C1A600A6812686B
:1020A00022F001020B681A6091F8442002F01F032D
:1020B00001229A400B6C5A60D1E913325A604A6D82
:1020C00042B14A6D126822F480724B6D1A60D1E9F8
:1020D00016325A60012281F8252000BF002281F8C3
:1020E000242000BF704770B50446002594F82500F1
:1020F00002280BD00420E063012084F8250000BFF3
:10210000002084F8240000BF012534E02068006826
:1021100020F00E00216808602068006820F00100AF
:1021200021680860A06C006820F48070A16C0860D1
:1021300094F8440000F01F0101208840216C4860A1
:10214000D4E913104860606D40B1606D006820F400
:102150008070616D0860D4E916104860012084F831
:10216000250000BF002084F8240000BFA06B10B140
:102170002046A16B8847284670BD70B50446206C88
:1021800005682068066894F8440000F01F010420E8
:1021900088402840E0B106F00400C8B1206800681B
:1021A00000F0200028B92068006820F004002168B1
:1021B000086094F8440000F01F0104208840216C5E
:1021C0004860206B002856D02046216B884752E09B
:1021D00094F8440000F01F0102208840284018B302
:1021E00006F0020000B32068006800F0200040B94B
:1021F0002068006820F00A0021680860012084F847
:10220000250094F8440000F01F0102208840216C52
:10221000486000BF002084F8240000BFE06A50B38B
:102220002046E16A884726E094F8440000F01F0148
:10223000082088402840F0B106F00800D8B1206896
:10224000006820F00E002168086094F8440000F057
:102250001F0101208840216C48600120E06384F860
:10226000250000BF002084F8240000BF606B10B17F
:102270002046616B884770BD70B504460CB90120DB
:1022800070BD2F49206888420BD22E492068401A21
:102290001421B0FBF1F0800060642A480838206403
:1022A0000AE027492068401A1421B0FBF1F08000B1
:1022B0006064234808382064022084F825002068E0
:1022C000056847F6F0708543D4E9020108432169A7
:1022D000084361690843A1690843E1690843216A29
:1022E00008430543206805602046FEF711FBA068FF
:1022F000B0F5804F01D1002060602079A16C0860AA
:10230000D4E913104860606860B16068042809D897
:102310002046FEF71FFB0020616D0860D4E916100F
:10232000486003E000206065A065E0650020E06390
:10233000012084F82500002084F8240000BF9FE7D6
:1023400008040240080002402DE9F04104460D4611
:1023500016461F464FF0000800BF94F824000128DD
:1023600002D10220BDE8F081012084F8240000BFE2
:1023700094F8250001283FD1022084F82500002090
:10238000E0632068006820F00100216808603B4697
:10239000324629462046FEF7EFFA206B30B120681E
:1023A000006840F00E00216808600BE020680068BB
:1023B00020F00400216808602068006840F00A00EE
:1023C00021680860A06C006800F4803028B1A06C1F
:1023D000006840F48070A16C0860606D28B1606D89
:1023E000006840F48070616D08602068006840F00B
:1023F00001002168086006E000BF002084F8240086
:1024000000BF4FF002084046ACE7000070B504463C
:1024100000F006F906462546681C10B1044800681D
:10242000054400BF00F0FCF8801BA842FAD370BD41
:102430007800002078B502460B460021CAE001264C
:102440008E401D6805EA0604002C73D01D7905F046
:102450000305012D04D01D7905F00305022D13D1CC
:1024600090684E000325B540A8434E00DD68B54096
:1024700028439060506801258D40A8431D79C5F31D
:1024800000158D40284350601D7905F00305032D8C
:1024900009D0D0684E000325B540A8434E009D6882
:1024A000B5402843D0601D7905F00305022D13D1F6
:1024B000CE0802F1200555F826004D07EE0E0F2537
:1024C000B540A8434E07F60E1D69B5402843CE0817
:1024D00002F1200545F8260010684E000325B5409E
:1024E000A8431D7905F003054E00B5402843106050
:1024F0005D6805F44035002D6BD000BF384D2D6E62
:1025000045F00105364E356635462D6E05F0010560
:10251000009500BF00BF4FEAB6358E0855F826007B
:102520008D072E0F0F25B540A843B2F1904F02D171
:1025300000251AE04DE02B4DAA4201D1012514E0FF
:10254000294DAA4201D102250FE0284DAA4201D10E
:1025500003250AE0264DAA4201D1042505E0254DB8
:10256000AA4201D1052500E006258E07360FB540A9
:102570002843214D8E0845F82600204D2868A043A9
:102580005D6805F4801505B120431C4D28602D1DA4
:102590002868A0435D6805F4001505B12043174D78
:1025A0002D1D2860154D2D1F2868A0435D6805F47A
:1025B000003505B12043114D2D1F28602D1F2868BF
:1025C000A0435D6805F4803505B120430B4D083DFF
:1025D0002860491C1D68CD40002D7FF430AF78BDC8
:1025E000001002400004004800080048000C0048A9
:1025F0000010004800140048080001400804014091
:1026000010B5426921EA020302EA010443EA0443E5
:10261000836110BD0AB1816100E0816270470000F2
:1026200001480068704700007000002010B50346A4
:1026300093F8DD00022800D110BD00BF93F8DC0044
:10264000012801D10220F7E7012083F8DC0000BF58
:10265000022083F8DD00202945D00CDC042927D096
:1026600004DC012912D002296AD118E0082928D0F7
:10267000102965D12EE040293ED0802945D0B1F502
:10268000807F4BD0B1F5007F5AD150E01868D0F868
:10269000000462F304001C68C4F8000459E01868E0
:1026A000D0F8000462F38A101C68C4F8000450E0FB
:1026B0001868D0F8000462F310301C68C4F80004F5
:1026C00047E01868D0F8000462F396401C68C4F82C
:1026D00000043EE01868D0F8000462F31C601C6837
:1026E000C4F8000435E01868D0F8040462F304006C
:1026F0001C68C4F804042CE01868D0F8040462F3E1
:102700008A101C68C4F8040423E01868D0F8040494
:1027100062F310301C68C4F804041AE01868D0F89A
:10272000040462F396401C68C4F8040411E01868BD
:10273000D0F8040462F31C601C68C4F8040408E0C8
:10274000072083F8DD0000BF002083F8DC0000BF15
:1027500000BF00BF93F8DD00072801D101206BE71F
:10276000012083F8DD0000BF002083F8DC0000BFFB
:1027700000BF61E7F0B503460D4693F8DD0002287F
:1027800000D1F0BD00BF93F8DC00012801D1022088
:10279000F7E7012083F8DC0000BF022083F8DD00AA
:1027A0001868D0F880431868D0F8FC13202D63D047
:1027B0000CDC042D2DD004DC012D12D0022D77D19C
:1027C0001AE0082D32D0102DF9D13CE0402D73D005
:1027D000802D6FD0B5F5807F6DD0B5F5007FEED13F
:1027E000BFE024F4E024106800F4E02004435668BD
:1027F0001868C0F8BC63DAE024F460144FF4601683
:10280000106806EAC000044356681868C0F8C06340
:10281000CDE024F0E0744FF0E076106806EA801016
:10282000044356681868C0F8C463C0E024F06064CC
:102830004FF06066106806EA402004435668186846
:10284000C0F8C863B3E021F007011068C0F302408C
:1028500001431868D0F8F80320F01F061868C0F884
:10286000F8631868D0F8F803167906F01F063043AD
:102870001E68C6F8F8039AE021F07001702610680F
:1028800006EA103001431868D0F8F80320F478768F
:102890001868C0F8F8631868D0F8F8034FF4787730
:1028A000566807EA461630431E68C6F8F8037EE00D
:1028B00074E001E01DE039E021F4E0614FF4E066EE
:1028C000106806EA102001431868D0F8F80320F4D5
:1028D000F8461868C0F8F8631868D0F8F8034FF4A1
:1028E000F847566807EA862630431E68C6F8F8039C
:1028F0005DE021F4E0414FF4E046106806EA101074
:1029000001431868D0F8F80320F4F8161868C0F8E6
:10291000F8631868D0F8F80396884FF4F81707EAB8
:10292000064630431E68C6F8F80340E021F4E02173
:10293000106800F4E02001431868D0F8F80320F094
:1029400078761868C0F8F8631868D0F8F8039688A5
:102950004FF0787707EA465630431E68C6F8F8030A
:1029600025E021F4E0014FF4E006106806EA0010CB
:1029700001431868D0F8F80320F0F8461868C0F84A
:10298000F8631868D0F8F80316794FF0F84707EAAB
:10299000866630431E68C6F8F80308E0072083F80F
:1029A000DD0000BF002083F8DC0000BF00BF00BFD7
:1029B00093F8DD00072801D10120E2E6102D03D2B3
:1029C0001868C0F8804302E01868C0F8FC130120C2
:1029D00083F8DD0000BF002083F8DC0000BF00BFEB
:1029E000CFE670477047704770B505460C4614B97E
:1029F000FEF700F870BD012C18D10D480078A8B181
:102A000000200B4908700B49098800EE101AB8EE37
:102A1000400ADFED090A20EE200ABCEEC00A10EEE3
:102A2000101A88B204F018FC00B1E3E700BFE1E738
:102A30001E0000201C0000209A99D93F7047704763
:102A4000704770477047024600BF92F8DC000128CB
:102A500001D102207047012082F8DC0000BF022073
:102A600082F8DD00481C80B91068D0F8CC0320F053
:102A700002031068C0F8CC331068D0F8CC0340F0E3
:102A800001031068C0F8CC3318E01068D0F8CC030C
:102A900040F002031068C0F8CC331068D0F8CC03C3
:102AA00020F00C0008431368C3F8CC031068D0F87A
:102AB000CC0340F001031068C0F8CC33012082F849
:102AC000DD000020C6E770477047704770477047C9
:102AD0007047704770B505460C46FF2C03D1284659
:102AE00003F056F809E0062C03D1284603F017F945
:102AF00003E02146284603F022FA70BDF8B50446EB
:102B00000CB90120F8BD0220E03404F8030C0020C9
:102B100020606060A060E06020616061A061E03CD6
:102B2000207A00F0010008B33549206888420DD1B1
:102B300000BF3448006E40F08060324908660846A5
:102B4000006E00F08060009000BF00BF2068066843
:102B500026F44046208A00F44040064326F44056BE
:102B6000A08A00F44050064320680660204600F02A
:102B70004BF8207A00F0020048B12068066826F47D
:102B80004076A08900F4407006432068066001206A
:102B900084F8DD0000BF002084F8DC0000BF0025C1
:102BA00029E00021C5EBC50204F1180040F822100D
:102BB000C5EBC50200EB82004160C5EBC50204F124
:102BC000180000EB82008160C5EBC50204F118001B
:102BD00000EB8200C160C5EBC50204F1180000EBF8
:102BE00082000161C5EBC50204F1180000EB820010
:102BF0008161681CC5B2062DD3D9002082E7000090
:102C0000006801400010024038B5044611492068B0
:102C100088421DD100BF1048006E40F080600E4910
:102C200008660846006E00F08060009000BF00BF9C
:102C300000220321442000F093FB442000F07CFBA1
:102C400000220221452000F08BFB452000F074FBA0
:102C500038BD0000006801400010024010B586B089
:102C60000446142101A8FDF71FFB11492068884282
:102C70001CD100BF0F48C06C40F001000D49C86472
:102C80000846C06C00F00100009000BF00BF88152E
:102C900001900220029001200390032004900D2057
:102CA000059001A94FF09040FFF7C4FB06B010BD9E
:102CB000006801400010024070477047704770473D
:102CC00070B504460D46FFF7ABFC06460CE0681CE9
:102CD00050B1FFF7A5FC801BA84200D825B90720FA
:102CE00084F8DD00032070BD2068D0F88803C0F3AD
:102CF00000400028EBD0012084F8DD0000BF002058
:102D000084F8DC0000BF00BFEDE7704770477047F4
:102D1000704770B504460D46164694F8DD0002284B
:102D200000D170BD022084F8DD00062D04D13146AB
:102D3000204602F091FF04E032462946204603F087
:102D4000F5F9012084F8DD000020EAE730B50446FB
:102D500094F8DD00022800D130BD00BF94F8DC00FB
:102D6000012801D10220F7E7012084F8DC0000BF30
:102D7000022084F8DD00062928D1012A06D0022A83
:102D800008D0042A0AD0082A10D10BE01868256858
:102D9000E86114E018682568686210E01868256822
:102DA000A8620CE018682568E86208E0072084F84B
:102DB000DD0000BF002084F8DC0000BF00BF00BFC2
:102DC00094F8DD0007287DD10120C5E7012A06D04F
:102DD000022A0BD0042A4CD0082A74D150E01D6876
:102DE0002068803000EBC110C5619AE01D68206842
:102DF000803000EBC1104562586868B320688030AD
:102E000000EBC110006820F440552068803000EBD2
:102E1000C11005602068803000EBC11000685D685B
:102E200028432568803505EBC11528605868B0F542
:102E3000005F06D19D682068803000EBC110C5613D
:102E400016E05868B0F5405F12D19D682068803068
:102E500000EBC11085620BE02068803000EBC110F0
:102E6000006820F440502568803505EBC1152860C6
:102E700057E01D682068803000EBC110856250E08B
:102E80001D682068803000EBC110C562586888B3A7
:102E90002068803000EBC110006820F440452068B5
:102EA000803000EBC11005602068803000EBC1105D
:102EB00000685D6840EA85052068803000EBC1103D
:102EC000056001E034E023E05868B0F5005F06D10A
:102ED0009D682068803000EBC110C56117E058681C
:102EE000B0F5405F13D19D682068803000EBC110C1
:102EF00085620CE0FFE72068803000EBC1100068BD
:102F000020F440402568803505EBC115286008E0B5
:102F1000072084F8DD0000BF002084F8DC0000BF3B
:102F200000BF00BF94F8DD00072801D1012013E79E
:102F3000012084F8DD0000BF002084F8DC0000BF21
:102F400000BF09E7024600BF92F8DC00012801D16A
:102F500002207047012082F8DC0000BF022082F8C6
:102F6000DD0010680068084313681860012082F8CB
:102F7000DD0000BF002082F8DC0000BF00BFE8E7F2
:102F800030B502460B4600BF92F8DC00012801D1A3
:102F9000022030BD012082F8DC0000BF022082F850
:102FA000DD001068D0F89003546820431468C4F81A
:102FB000900303F4803030B11068C468D2F8C800C0
:102FC00004431068C460002118E0154850F821003F
:102FD000184088B11068803000EBC110C068C1EBA8
:102FE000C10502F1180404EB8504A46820431468A9
:102FF000803404EBC114E060481CC1B20629E4D35C
:1030000010680068184314682060012082F8DD0011
:1030100000BF002082F8DC0000BF00BFB9E700005D
:103020007C0000202DE9F04104460D4616461F465F
:1030300094F8DD00022801D1BDE8F08100BF94F8CA
:10304000DC00012801D10220F6E7012084F8DC0031
:1030500000BF022084F8DD003B4632462946204668
:1030600002F0EAFE012084F8DD0000BF002084F8B1
:10307000DC0000BF00BFDFE7024600BF92F8DC00C3
:10308000012801D102207047012082F8DC0000BF36
:10309000022082F8DD001068D0F89403084313681A
:1030A000C3F89403012082F8DD0000BF002082F8FD
:1030B000DC0000BF00BFE6E770B504460D461646CB
:1030C00094F8DD00022800D170BD00BF94F8DC0048
:1030D000012801D10220F7E7012084F8DC0000BFBD
:1030E000022084F8DD00062D04D13146204602F08E
:1030F000C7FD04E032462946204603F037F8C5EB09
:10310000C50204F1180000EB820031688160C5EB54
:10311000C50204F1180000EB82007168C160C5EBC4
:10312000C50204F1180000EB8200B1680161C5EB33
:10313000C50204F1180000EB8200F1684161C5EBA3
:10314000C50204F1180000EB820031698161294653
:10315000204602F0D3FC062D10D0F06A70B920682A
:10316000803000EBC510006820F40070F16D40EA7B
:1031700041212068803000EBC5100160012084F8F7
:10318000DD0000BF002084F8DC0000BF00BF9BE72B
:1031900070B504460D46164694F8DD00022800D1AD
:1031A00070BD00BF94F8DC00012801D10220F7E7D0
:1031B000012084F8DC0000BF022084F8DD003246E4
:1031C0002946204603F0F8F82946204602F096FCEE
:1031D000012084F8DD0000BF002084F8DC0000BF7F
:1031E00000BFDDE770B504460CB9012070BD4CF698
:1031F000CC402168086045F2555021680860D4E948
:10320000001048602168A0688860FFF709FA054649
:103210000BE0FFF705FA401B312806D92068C0688B
:1032200000F0070008B10320E0E72068C06800F064
:1032300007000028EDD120680169E068814203D0D1
:103240002168E068086103E04AF6AA202168086066
:103250000020CBE701464AF6AA200A681060002049
:1032600070470000034800680349096808440149A1
:1032700008607047700000207800002010B500241E
:10328000032000F0ABF80F2000F008F808B101248B
:1032900001E000F02FF8204610BD000070B5044694
:1032A000002511480068D8B10F4800684FF47A71C2
:1032B000B1FBF0F00D490968B1FBF0F6304600F0C3
:1032C00079FF58B9102C07D200222146501E00F079
:1032D00047F80748046004E0012502E0012500E00A
:1032E0000125284670BD00007800002098000020CD
:1032F0007400002008B500BF0E48006E40F00100C9
:103300000C4908660846006E00F00100009000BFFE
:1033100000BF00BF0846806D40F0805088650846B9
:10332000806D00F08050009000BF00BF00F0F6F804
:1033300008BD0000001002400146084600280DDBD1
:1033400000BF00BF00F01F0301229A4043099B0009
:1033500003F1E023C3F8002100BF00BF00BF7047A6
:103360002DE9F05F80460D46164605F05BFB0746EB
:1033700039462A46334601F00700C0F1070ABAF180
:10338000040F02D94FF0040A01E0C0F1070AD14648
:1033900000F1040ABAF1070F02D24FF0000A01E06F
:1033A000A0F1030AD4464FF0010A0AFA09FAAAF179
:1033B000010A0AEA020A0AFA0CFA4FF0010B0BFAA8
:1033C0000CFBABF1010B0BEA030B4AEA0B042146A1
:1033D000404605F02FFBBDE8F09F000000BF00F065
:1033E0000702064B19684FF6FF031940044B0B43C5
:1033F00043EA0221014B196000BF70470CED00E069
:103400000000FA0502468ABB4148006800F4C0602B
:10341000B0F5806F2BD13E488030006820F480707A
:103420003B4BC3F880001846006820F4C06040F4AD
:10343000007018603748006832235843364BB0FBA1
:10344000F3F0411C00E0491E3148406900F48060FF
:10345000B0F5806F01D10029F5D12D48406900F405
:103460008060B0F5806F51D10320704708E0284894
:103470008030006820F48070254BC3F8800045E060
:10348000B2F5007F3AD12248006800F4C060B0F580
:10349000806F2AD11E488030006840F480701C4B39
:1034A000C3F880001846006820F4C06040F4007043
:1034B00018601848006832235843174BB0FBF3F0EC
:1034C000411C00E0491E1248406900F48060B0F5DC
:1034D000806F01D10029F5D10D48406900F480606A
:1034E000B0F5806F12D10320BFE709488030006833
:1034F00040F48070064BC3F8800007E00448006881
:1035000020F4C06040F48060014B18600020ACE7FC
:10351000007000409800002040420F00034880687F
:1035200040F480400149886070470000007000400E
:103530002DE9F84304460027B846206800F400202F
:10354000B0F5002F73D1B946FD48806D00F0805072
:1035500078B900BFFA48806D40F08050F84988651E
:103560000846806D00F08050009000BF00BF4FF013
:103570000109F448006840F48070F2490860FFF7E0
:103580004FF8064606E0FFF74BF8801B022801D9EA
:10359000032705E0EB48006800F480700028F2D0B3
:1035A00000BF002F46D1E6489030006800F4407517
:1035B000CDB1206DA84216D0E1489030006820F4CB
:1035C0004075DF48D0F8900040F48030DC49C1F805
:1035D00090000846D0F8900020F48030C1F89000A8
:1035E0000846C0F8905005F00100A0B1FFF718F8A8
:1035F000064608E0FFF714F8801B41F28831884244
:1036000001D9032706E0CE489030006800F00200A0
:103610000028EFD000BF5FB9C9489030006820F49F
:103620004070216D0843C649C1F8900003E00CE0EA
:10363000B84600E0B846B9F1010F05D1C048806D29
:1036400020F08050BE49886500BF207800F001005E
:1036500048B1BB488830006820F003006168084327
:10366000B749C1F88800207800F00200022809D18B
:10367000B3488830006820F00C00A1680843B049C6
:10368000C1F88800207800F00400042809D1AC4873
:103690008830006820F03000E1680843A849C1F88C
:1036A0008800207800F00800082809D1A448883054
:1036B000006820F0C00021690843A149C1F88800D2
:1036C000207800F01000102809D19D48883000684B
:1036D00020F44070616908439949C1F88800207856
:1036E00000F02000202809D195488830006820F497
:1036F0004060A16908439249C1F88800207800F031
:103700004000402809D18E488830006820F440509D
:10371000E16908438A49C1F88800207800F08000F8
:10372000802809D186488830006820F44040216A0A
:1037300008438349C1F88800208800F48070B0F500
:10374000807F09D17E488830006820F44030616A6B
:1037500008437B49C1F88800206800F40030B0F5C8
:10376000003F09D176489C30006820F00300A16A30
:1037700008437349C1F89C00208800F40070B0F53C
:10378000007F09D16E488830006820F44020E16A4B
:1037900008436B49C1F88800208800F48060B0F5C8
:1037A000806F13D166488830006820F44010216B88
:1037B0000843634988310860206BB0F5801F05D14C
:1037C0005F48C06840F480105D49C860208800F4FC
:1037D0000060B0F5006F13D159488830006820F4BC
:1037E0004000616B0843564988310860606BB0F552
:1037F000800F05D15248C06840F480105049C8601D
:10380000208800F48050B0F5805F13D14C48883098
:10381000006820F04070A16B084349498831086076
:10382000A06BB0F1807F05D14548C06840F480109E
:103830004349C860208800F40050B0F5005F13D100
:103840003F488830006820F04060E16B08433C4905
:1038500088310860E06BB0F1006F05D13848C0686E
:1038600040F480103649C860208800F48040B0F5EC
:10387000804F13D132488830006820F04060216CBE
:1038800008432F4988310860206CB0F1006F05D1E2
:103890002B48C06840F480102949C860208800F493
:1038A0000040B0F5004F13D125488830006820F063
:1038B0004050616C0843224988310860606CB0F167
:1038C000805F05D11E48C06840F480301C49C86044
:1038D000206800F48030B0F5803F13D1184888305C
:1038E000006820F04040A16C084315498831086009
:1038F000A06CB0F1804F05D11148C06840F4803011
:103900000F49C860206800F48020B0F5802F13D1E3
:103910000B489C30006820F44010E16C08430849D3
:103920009C310860E06CB0F5001F05D10448C06808
:1039300040F480100249C8604046BDE8F8830000AA
:1039400000100240007000402DE9F04104460D4691
:103950004FF0000814B90120BDE8F0817D480068EF
:1039600000F00F00A8420ED27A48006820F00F0045
:103970002843784908600846006800F00F00A84214
:1039800001D00120E8E7207800F00100002864D091
:103990006068032823D17048006800F0007008B9FF
:1039A0000120D9E703F088FC06466C48864237D9E7
:1039B0006948806800F0F00030B1207800F0020023
:1039C00002282DD1A06858BB6348806820F0F00021
:1039D00040F08000604988604FF0800820E0606817
:1039E000022806D15C48006800F4003040B901208C
:1039F000B2E75948006800F4806008B90120ABE7DD
:103A000000F0DEF806465548864209D952488068DB
:103A100020F0F00040F080004F4988604FF08008AF
:103A20004D48806820F00300616808434A49886077
:103A3000FEF7F6FD074608E0FEF7F2FDC01B41F277
:103A40008831884201D9032086E74348806800F026
:103A50000C006168B0EB810FEED1207800F002001D
:103A6000022820D1207800F00400042805D13A482B
:103A7000806840F4E06038498860207800F00800F1
:103A8000082807D13448806820F4605040F4E06092
:103A9000314988603048806820F0F000A168084310
:103AA0002D49886008E0B8F1800F05D12A48806868
:103AB00020F0F000284988602648006800F00F00D8
:103AC000A84219D92348006820F00F002843214953
:103AD0000860FEF7A5FD074608E0FEF7A1FDC01B44
:103AE00041F28831884201D9032035E7194800683E
:103AF00000F00F00A842F0D1207800F00400042864
:103B000007D11548806820F4E060E1680843124955
:103B10008860207800F00800082808D10E488068E6
:103B200020F46050216940EAC1000B49886000F030
:103B300047F809498968C1F30311094A515C01F04A
:103B40001F01C8400749086007480068FFF7A6FB47
:103B500002E70000002002400010024000B4C4044C
:103B6000DC8C0008980000207400002001480068E8
:103B7000704700009800002000B5FFF7F7FF0549E7
:103B80008968C1F30221044A515C01F01F01C84059
:103B900000BD000000100240EC8C000800B5FFF7EB
:103BA000E5FF05498968C1F3C221044A515C01F06F
:103BB0001F01C84000BD000000100240EC8C00084E
:103BC00070B5224DAD6805F00C05042D01D12048DB
:103BD0003AE01E4DAD6805F00C05082D01D11D48D9
:103BE00032E01A4DAD6805F00C050C2D2BD1174DA8
:103BF000ED6805F00304154DED68C5F303156A1C67
:103C0000022C0CD0032C09D1124DB5FBF2F50F4E4E
:103C1000F668C6F3062605FB06F10AE000BF0C4D68
:103C2000B5FBF2F5094EF668C6F3062605FB06F16C
:103C300000BF00BF054DED68C5F341656D1C6B000D
:103C4000B1FBF3F000E0002070BD00000010024066
:103C50000024F40000366E012DE9F843044614B93F
:103C60000120BDE8F883207800F00100002865D02D
:103C7000FC48806800F00C07FA48C06800F00306B2
:103C80000C2F01D1032E01D0082F0AD1F54800686E
:103C900000F40030002851D0606800284ED1012087
:103CA000DFE700BF6068B0F5803F06D1ED480068EF
:103CB00040F48030EB4908601AE06068B0F5A02F4E
:103CC0000BD1E848006840F48020E64908600846C7
:103CD000006840F4803008600AE0E248006820F4A0
:103CE0008030E04908600846006820F480200860C1
:103CF00000BF606888B1FEF793FC054606E0FEF75A
:103D00008FFC401B642801D90320AAE7D54800682E
:103D100000F400300028F2D010E0FEF781FC0546E8
:103D200006E0FEF77DFC401B642801D9032098E7DC
:103D3000CC48006800F400300028F2D1207800F070
:103D40000200022860D1C748806800F00C07C5480F
:103D5000C06800F003060C2F01D1022E01D0042F01
:103D600018D1C048006800F4806018B1E06808B954
:103D7000012076E7BB48406820F0FE40217C40EA05
:103D80000160B8494860B8480068FFF787FA18B37F
:103D9000012066E7E06800B3B248006840F4807034
:103DA000B0490860FEF73CFC054606E0FEF738FC2B
:103DB000401B022801D9032053E7AA48006800F4F9
:103DC00080600028F2D0A748406820F0FE40217CA7
:103DD00040EA0160A349486016E0A248006820F468
:103DE0008070A0490860FEF71BFC054606E0FEF760
:103DF00017FC401B022801D9032032E799480068CC
:103E000000F480600028F2D1207800F00800082833
:103E100036D16069D0B193489430006840F0010019
:103E20009049C1F89400FEF7FBFB054606E0FEF75B
:103E3000F7FB401B022801D9032012E78948943080
:103E4000006800F002000028F1D019E085489430A5
:103E5000006820F001008349C1F89400FEF7E0FB00
:103E6000054606E0FEF7DCFB401B022801D90320D3
:103E7000F7E67C489430006800F002000028F1D199
:103E8000207800F00400042872D14FF00008754833
:103E9000806D012121EA107078B100BF7148806DFA
:103EA00040F080506F4988650846806D00F0805072
:103EB000009000BF00BF4FF001086C48006800F49C
:103EC0008070B0B96948006840F480706749086044
:103ED000FEF7A6FB054606E0FEF7A2FB401B022804
:103EE00001D90320BDE66148006800F48070002815
:103EF000F2D000BFA068012808D15A48903000686D
:103F000040F001005749C1F8900021E0A068052861
:103F10000FD154489030006840F004005149C1F876
:103F200090000846D0F8900040F00100C1F89000E1
:103F30000EE04C489030006820F001004949C1F87B
:103F400090000846D0F8900020F00400C1F89000DE
:103F500000BFA068A8B1FEF763FB054609E0FEF7C5
:103F60005FFB401B41F28831884202D9032078E68A
:103F700025E03C489030006800F002000028EED0B8
:103F800013E0FEF74DFB054608E0FEF749FB401B3A
:103F900041F28831884201D9032062E631489030ED
:103FA000006800F002000028EFD1B8F1010F05D140
:103FB0002C48806D20F080502A49886500BF207809
:103FC00000F02000202836D1A069D0B125489830D3
:103FD000006840F001002349C1F89800FEF720FB7B
:103FE000054606E0FEF71CFB401B022801D9032012
:103FF00037E61C489830006800F002000028F1D035
:1040000019E018489830006820F001001549C1F8FF
:104010009800FEF705FB054606E0FEF701FB401B96
:10402000022801D903201CE60E489830006800F0F1
:1040300002000028F1D1E069002860D009488068BA
:1040400000F00C000C287AD0E069022858D105480D
:10405000006820F0807003490860FEF7E1FA054629
:104060000DE00000001002407400002000700040CD
:10407000FEF7D6FA401B022801D90320F1E54A4891
:10408000006800F000700028F2D1D4E90810401E4A
:1040900041EA0011A06A41EA0021208E0122C2EB10
:1040A000500041EA40513420005DC2EB500041EA2B
:1040B00040612C20005D41EAC0603B49C9683B4A31
:1040C000114008433849C8600846006840F08070D5
:1040D00008600846C06840F08070C860FEF7A0FA2B
:1040E000054606E0FEF79CFA401B022801D9032092
:1040F000B7E52D48006800F000700028F2D051E0CC
:104100002948006820F0807027490860FEF788FA87
:10411000054606E0FEF784FA401B022801D9032079
:104120009FE52148006800F000700028F2D11E4889
:10413000C0681F4908401C49C86033E0FFE7E069D8
:10414000012800D18DE51848C66806F00301206AF1
:10415000814225D106F0F001606A401EB1EB001FDC
:104160001ED106F4FE41A06AB1EB002F18D106F073
:1041700078412C20005DB1EBC06F11D106F4C00175
:10418000208E0122C2EB5000B1EB405F08D106F057
:10419000C0613420005DC2EB5000B1EB406F01D034
:1041A00001205EE500205CE5001002400C809F01CC
:1041B000FCFFEEFE70B504462546681EB0F1807F18
:1041C00001D301200FE0681E4FF0E02148610F216C
:1041D0004FF0FF3004F02EFC00204FF0E02188610A
:1041E00007200861002070BD7047704770470000CD
:1041F00010B50346002200BF93F83C00012801D10E
:10420000022010BD012083F83C0000BF22F0FF0017
:10421000CC6840EA040222F440708C6840EA040250
:1042200022F480604C6840EA040222F400600C68CA
:1042300040EA040222F480500C6940EA040222F4AD
:1042400000504C6940EA040222F480400C6B40EAC2
:10425000040222F470200C8B40EA044222F08050C9
:10426000CC6940EA0402144C1868A04207D0134CF1
:104270001868A04203D0124C1868A04213D122F44F
:1042800070000C8D40EA045222F080700C6A40EA03
:10429000040222F000704C6A40EA040222F000504E
:1042A000CC6A40EA04021868426400BF002083F828
:1042B0003C0000BF00BFA4E7002C014000340140D7
:1042C00000500140704770477047000030B502460B
:1042D0000B4600BF92F83C00012801D1022030BDFE
:1042E000012082F83C0000BF022082F83D001068E7
:1042F000416810688468234D1068A84207D0224D99
:104300001068A84203D0214D1068A84203D121F4BF
:104310007001586801431E48014018680143106845
:104320004160184D1068A8421BD01068B0F1804F52
:1043300017D0184D1068A84213D0174D1068A84226
:104340000FD0164D1068A8420BD00F4D1068A84230
:1043500007D0134D1068A84203D00C4D1068A84236
:1043600005D124F08004986804431068846001201B
:1043700082F83D0000BF002082F83C0000BF00BF73
:10438000ADE70000002C0140003401400050014026
:104390008FFFFFFD0004004000080040000C0040BB
:1043A00000400140704710B504460CB9012010BD13
:1043B00094F83D0028B9002084F83C00204600F025
:1043C00029F8022084F83D00211D206803F0E6FA58
:1043D000012084F8480000BF84F83E0001213F20FE
:1043E00001554020015541200155422001554320EF
:1043F000015500BF00BF012084F84400452001554D
:10440000462001554720015500BF012084F83D009A
:104410000020CCE738B504461E49206888421ED1EA
:1044200000BF1D48006E40F400601B490866084646
:10443000006E00F40060009000BF00BF0022012168
:104440001920FEF78DFF1920FEF776FF00220121CB
:104450001B20FEF785FF1B20FEF76EFF19E020688A
:10446000B0F1804F15D100BF0B48806D40F00100C6
:10447000094988650846806D00F00100009000BF82
:1044800000BF002208211C20FEF76AFF1C20FEF757
:1044900053FF38BD002C014000100240014691F846
:1044A0003D00012801D001207047022081F83D0025
:1044B0000868C06840F001000B68D8601C4B0868B1
:1044C00098421BD00868B0F1804F17D0194B08688C
:1044D000984213D0184B086898420FD0174B0868C1
:1044E00098420BD0164B0868984207D0154B0868C5
:1044F000984203D0144B0868984210D1086880682D
:10450000124B00EA0302062A0FD0B2F5803F0CD00E
:104510000868006840F001000B68186005E0086852
:10452000006840F001000B6818600020BCE7000044
:10453000002C01400004004000080040000C004036
:1045400000340140004001400050014007000100DC
:104550002DE9F04104460D46002700BF94F83C00C9
:10456000012802D10220BDE8F081012084F83C003E
:1045700000BF022084F83D0020688668424806405B
:1045800026F47F46206886602868B0F5005F33D047
:1045900015DC402851D008DC002858D0102857D00E
:1045A000202856D0302862D154E0502831D06028DD
:1045B00039D0702813D0B0F5805F58D10EE000F0EC
:1045C0000F01002953D10011A0F5803008284ED2E8
:1045D000DFE800F0414243444546474849E0D5E919
:1045E00002136A68206803F062FA2068866846F061
:1045F0007706206886603CE0D5E902136A68206887
:1046000003F055FA2068806840F480402168886093
:104610002FE0EA686968206803F062FC5021206896
:1046200003F050FA25E0EA686968206803F06BFC43
:104630006021206803F046FA1BE0EA686968206898
:1046400003F04EFC4021206803F03CFA11E000BF6B
:1046500000BF00BF00BF00BF00BF00BF00BF00BF62
:1046600000BF00BF2968206803F02CFA01E0012791
:1046700000BF00BF012084F83D0000BF002084F887
:104680003C0000BF38466EE788FFCEFF704770B52C
:1046900004462068C6682068056905F00200022803
:1046A00019D106F00200022815D1401F21680861C7
:1046B000012020772068806900F0030018B12046AF
:1046C000FFF7E4FF05E0204600F03AF9204600F04D
:1046D00067FA0020207705F00400042819D106F0BD
:1046E0000400042815D1C043216808610220207706
:1046F0002068806900F4407018B12046FFF7C6FFBB
:1047000005E0204600F01CF9204600F049FA0020A0
:10471000207705F00800082819D106F008000828BD
:1047200015D1C04321680861042020772068C06942
:1047300000F0030018B12046FFF7A8FF05E020466F
:1047400000F0FEF8204600F02BFA0020207705F05C
:104750001000102819D106F01000102815D1C04300
:1047600021680861082020772068C06900F4407043
:1047700018B12046FFF78AFF05E0204600F0E0F878
:10478000204600F00DFA0020207705F0010048B126
:1047900006F0010030B16FF0010021680861204689
:1047A00000F000FA05F08000802804D005F40050E5
:1047B000B0F5005F0AD106F08000802806D16FF4C2
:1047C0000250216808612046FFF70FFD05F4807054
:1047D000B0F5807F0AD106F08000802806D16FF402
:1047E0008070216808612046FFF7FEFC05F040005C
:1047F000402809D106F04000402805D1C043216877
:104800000861204600F0F8F905F02000202809D1C1
:1048100006F02000202805D1C04321680861204609
:10482000FFF7E4FC05F48010B0F5801F0BD106F40F
:104830008010B0F5801F06D16FF4801021680861E8
:104840002046FFF740FD05F40010B0F5001F0BD126
:1048500006F40010B0F5001F06D16FF400102168B7
:1048600008612046FFF72EFD05F48000B0F5800FAB
:104870000BD106F48000B0F5800F06D16FF48000F4
:10488000216808612046FFF71FFD05F40000B0F520
:10489000000F0BD106F40000B0F5000F06D16FF445
:1048A0000000216808612046FFF77CFD70BD2DE9FE
:1048B000F04104460E461546002700BF94F83C0020
:1048C000012802D10220BDE8F081012084F83C00DB
:1048D00000BF0C2D1AD005DC4DB1042D0CD0082DD5
:1048E00023D10EE0102D16D0142D1ED118E0314624
:1048F000206803F0F3F81AE03146206803F04CF921
:1049000015E03146206803F0ABF910E0314620682D
:1049100003F008FA0BE03146206803F067FA06E07E
:104920003146206803F09EFA01E0012700BF00BF76
:1049300000BF002084F83C0000BF3846C3E70000F9
:1049400010B5044609492068884200D010BD207F78
:10495000012803D10420FCF787F805E0207F022816
:1049600002D10520FCF780F800BFEFE7002C0140E2
:1049700010B504460CB9012010BD94F83D0028B9CB
:10498000002084F83C00204600F029F8022084F83A
:104990003D00211D206803F001F8012084F8480043
:1049A00000BF84F83E0001213F2001554020015501
:1049B00041200155422001554320015500BF00BF51
:1049C000012084F844004520015546200155472028
:1049D000015500BF012084F83D000020CCE770475E
:1049E000F0B504460D46002715B994F83E0015E0D1
:1049F000042D02D13F20005D10E0082D02D140209F
:104A0000005D0BE00C2D02D14120005D06E0102D71
:104A100002D14220005D01E04320005D012801D069
:104A20000120F0BD1DB9022084F83E001AE0042DDB
:104A300003D102213F20015514E0082D03D10221AA
:104A4000402001550EE00C2D03D1022141200155DB
:104A500008E0102D03D102214220015502E002217D
:104A60004320015535B1042D0BD0082D10D00C2D4D
:104A70001CD114E02068C06840F002002168C860C2
:104A800016E02068C06840F004002168C8600FE0AC
:104A90002068C06840F008002168C86008E020680D
:104AA000C06840F010002168C86001E0012700BF25
:104AB00000BF002F5DD101222946206802F0E6FFE9
:104AC0002D492068884213D02C49206888420FD095
:104AD0002B49206888420BD02A492068884207D099
:104AE00029492068884203D028492068884201D19A
:104AF000012000E0002028B12068406C40F4004014
:104B0000216848641C49206888421BD02068B0F1A5
:104B1000804F17D01E492068884213D01D49206855
:104B200088420FD01C49206888420BD01349206866
:104B3000884207D012492068884203D01349206870
:104B4000884210D120688068144900EA0106062EC8
:104B50000FD0B6F5803F0CD02068006840F001000F
:104B60002168086005E02068006840F001002168C5
:104B70000860384655E70000002C01400034014031
:104B80000040014000440140004801400050014005
:104B90000004004000080040000C00400700010035
:104BA0007047000010B5044610492068884203D1C0
:104BB0000320FBF759FF17E02068B0F1804F13D1B5
:104BC0000B48FEF747FB0B480088401C094908804A
:104BD00008460088052807D3002008804FF40061AC
:104BE0004FF09040FDF70CFD10BD0000002C01407F
:104BF00044040020200000207047014600BF91F8C7
:104C00008400012801D102207047012081F884002E
:104C100000BF2420C1F8880008680268086800689E
:104C200020F001000B68186022F000520020486656
:104C3000086802602020C1F8880000BF002081F8C9
:104C4000840000BF00BFDFE770B5044600BF94F8E2
:104C50008400012801D1022070BD012084F8840065
:104C600000BF2420C4F88800206805682068006818
:104C700020F001002168086045F000554FF0005019
:104C8000606620680560204603F08AF92020C4F899
:104C9000880000BF002084F8840000BF00BFDBE76D
:104CA0000146086F70472DE9F04104460E4617464D
:104CB000D4F88C00202825D106B117B90120BDE811
:104CC000F0810120E066002020673A463146204608
:104CD00003F0AEFD05469DB9E06E01280FD110200E
:104CE0002168086200BF00BF216851E8001F41F041
:104CF0001000226842E800010029F5D100E00125FA
:104D00002846DCE70220DAE72DE9F04105460C46AB
:104D10002846FFF7C5FF0746022F02D00FB1BDE8B6
:104D2000F0814B49286888420BD124B12246494979
:104D30004948FBF767FD642246494848FFF7B3FF3F
:104D400083E04749286888420BD124B1224645496F
:104D50004548FBF757FD642242494448FFF7A3FF4B
:104D600073E043492868884222D1062C1AD341486F
:104D7000007880F00106404901EB8600FCF75FF8FF
:104D800006EB46003D4901EB80023D4B3D493E4864
:104D9000FCF70CF8384901EB860032463549FCF740
:104DA00054F800BF082236493848FFF77CFF4CE032
:104DB00037492868884222D1062C1AD33548007812
:104DC00080F00106344901EB8600FCF738F806EB69
:104DD0004600324901EB8002314B32493248FBF741
:104DE000E5FF2D4901EB860032462A49FCF72DF8F4
:104DF00000BF08222A492D48FFF755FF25E02C491E
:104E00002868884221D1062C1AD32A48007880F0DD
:104E10000106294901EB8600FCF711F806EB460074
:104E2000264901EB8002264B26492748FBF7BEFFA7
:104E3000214901EB860032461E49FCF706F800BF07
:104E400008221F492148FFF72EFF00BF67E7000037
:104E500000380140FC050020C4060020B0080020F6
:104E6000004400406006002026070020440900207E
:104E7000004800403C000020400000205005002079
:104E800024000020580000206A000020D8090020DB
:104E9000004C00403D00002048000020800500201C
:104EA0002C0000205E0000206B00002088070020FE
:104EB000005000403E000020500000206805002007
:104EC00034000020640000206C0000201C0800203A
:104ED000704770B504460D4600BF94F88400012861
:104EE00001D1022070BD012084F8840000BF24207D
:104EF000C4F88800206806682068006820F0010077
:104F0000216808602068806820F06060284321687C
:104F10008860204603F044F8206806602020C4F82A
:104F2000880000BF002084F8840000BF00BFD9E7DC
:104F300070B504460D4600BF94F88400012801D1E5
:104F4000022070BD012084F8840000BF2420C4F832
:104F50008800206806682068006820F00100216849
:104F600008602068806820F06040284321688860DD
:104F7000204603F015F8206806602020C4F8880059
:104F800000BF002084F8840000BF00BFD9E770474D
:104F90007047000010B504462749206888420BD1AD
:104FA0000020C4F890000F20216808626422234981
:104FB0002348FFF778FE3EE02249206888420BD163
:104FC0000020C4F890000F202168086264221E4966
:104FD0001E48FFF768FE2EE01D49206888420BD16D
:104FE0000020C4F890000F202168086208221949A7
:104FF0001948FFF758FE1EE01849206888420BD177
:105000000020C4F890000F2021680862082214498B
:105010001448FFF748FE0EE01349206888420AD181
:105020000020C4F890000F202168086208220F4970
:105030000F48FFF738FE10BD00380140FC05002086
:10504000B008002000440040600600204409002011
:1050500000500040340000201C08002000480040A0
:1050600024000020D8090020004C00402C00002023
:10507000880700202DE9F04704462068C5692068AC
:1050800006682068876840F60F0005EA0009B9F154
:10509000000F0FD105F0200060B106F0200010B91C
:1050A00007F0805030B1606F10B12046616F8847C3
:1050B000BDE8F087B9F1000F7ED0DF48384018B95D
:1050C000DE4830400028F7D005F0010058B106F462
:1050D000807040B1012021680862D4F8900040F04F
:1050E0000100C4F8900005F0020058B107F001007B
:1050F00040B1022021680862D4F8900040F004001A
:10510000C4F8900005F0040058B107F0010040B168
:10511000042021680862D4F8900040F00200C4F82E
:10512000900005F0080070B106F0200010B9C248E8
:10513000384040B1082021680862D4F8900040F05F
:105140000800C4F8900005F4006060B106F08060CB
:1051500048B14FF4006021680862D4F8900040F034
:105160002000C4F89000D4F89000002852D005F038
:10517000200050B106F0200010B907F0805020B197
:10518000606F10B12046616F8847D4F890A0206806
:10519000806800F04000402802D00AF0280070B378
:1051A000204603F0F3F82068806800F040004028B3
:1051B00026D100BF00BF00E02DE02168083151E892
:1051C000001F21F040002168083141E80002002A58
:1051D000F1D100BFD4F8800068B19948D4F88010AC
:1051E0008863D4F88000FCF77EFF98B1D4F8800083
:1051F000816B88470EE02046FFF7CCFE0AE003E013
:105200002046FFF7C7FE05E02046FFF7C3FE00205B
:10521000C4F890004CE7E06E012865D105F010005D
:10522000002861D006F010000028FAD01020216874
:1052300008622068806800F0400040287AD1D4F8E5
:105240008000006840681FFA80F8B8F1000F5CD059
:10525000B4F85C00404558DDA4F85E80D4F88000C6
:105260000068006800F02000E8BB00BF00BF2168B4
:1052700051E8001F21F48070226842E800010029F3
:10528000F5D100BF00BF00BF2168083151E8001F01
:1052900021F001002168083141E80002002AF3D121
:1052A00000BF00BF00BF2168083151E8001F21F096
:1052B00040002168083141E80002002AF3D100BF14
:1052C0002020C4F88C000020E06600BF00BF2168E9
:1052D00051E8001F21F01000226842E80001002977
:1052E000F5D100BF01E004E068E0D4F88000FCF7ED
:1052F000BFFE02202067B4F85C00B4F85E20801A7C
:1053000081B22046FFF700FD12E0B4F85C00404592
:105310000ED1D4F880000068006800F0200020283A
:1053200006D102202067B4F85C102046FFF7ECFCA1
:10533000BEE6FFE734F85C0F6188401A1FFA80F878
:1053400060885C3CC8B3B8F1000F36D000BF00BF26
:10535000216851E8001F21F49070226842E80001A2
:105360000029F5D100BF00BF00BF2168083151E816
:10537000001F314AD24301EA02002168083141E8A6
:105380000002002AF1D100BF2020C4F88C000020C8
:10539000E066606700BF00BF216851E8001F21F090
:1053A0001000226842E800010029F5D100BF022068
:1053B000206741462046FFF7A7FC79E605F48010F8
:1053C00050B107F4800038B14FF4801021680862B2
:1053D0002046FFF7DDFD6BE605F0800058B106F0D2
:1053E000800010B907F4000028B1A06F10B120466A
:1053F000A16F88475CE605F0400030B106F0400040
:1054000018B1204602F0F8FF52E605F4000030B172
:1054100006F0804018B12046FFF7B9FD48E605F0D8
:10542000807030B106F0004018B12046FFF750FD03
:105430003EE600BF3CE60000010000102001000431
:10544000DB81000810B504460CB9012010BDA0692D
:1054500000B100E000BFD4F8880028B9002084F82B
:105460008400204600F02AF82420C4F88800206830
:10547000006820F0010021680860A06A10B1204691
:1054800002F0BAFD204602F0EFFF012800D1DDE76F
:105490002068406820F49040216848602068806857
:1054A00020F02A00216888602068006840F0010030
:1054B00021680860204602F01BFEC7E710B59CB0CB
:1054C0000446142117A8FAF7EFFE542102A8FAF7B0
:1054D000EBFEFE492068884258D108200290002047
:1054E000069002A8FEF724F808B1FBF7BFFD00BF45
:1054F000F748806D40F40020F54988650846806DC6
:1055000000F40020019000BF00BF00BF0846C06C3F
:1055100040F00400C8640846C06C00F0040001902C
:1055200000BF00BF4FF44060179002201890002089
:1055300019901A9005201B9017A9E648FCF77AFFEE
:10554000E548E64908601E2048600021E348816084
:10555000C16080210161002141618161C1614FF41D
:1055600040510162FCF788FE08B1FBF77FFD00BFE8
:10557000DA48C4F88000846200BF0022114634205B
:10558000FDF7EEFE3420FDF7D7FEE8E1D4492068B0
:10559000884273D1102002900020079002A8FDF7E6
:1055A000C7FF08B1FBF762FD00BFC948806D40F43A
:1055B0008010C74988650846806D00F4801001900E
:1055C00000BF00BF00BF0846C06C40F00400C864C4
:1055D0000846C06C00F00400019000BF00BF00BF8F
:1055E0000846C06C40F00800C8640846C06C00F073
:1055F0000800019000BF00BF881417900220189087
:10560000002019901A9005201B9017A9B148FCF7AB
:1056100011FF0420179002201890002019901A9072
:1056200005201B9017A9AF48FCF704FFAA481430C7
:10563000AD490860202048600021AB488160C1600E
:1056400080210161002141618161C1614FF44051BC
:105650000162FCF711FE08B1FBF708FD00BFA2488C
:10566000C4F88000846200BF002211463520FDF797
:1056700077FE3520FDF760FE71E1FFE79B4920686A
:10568000884274D1012002900020039002A8FDF707
:105690004FFF08B1FBF7EAFC00BF8D48006E40F4F5
:1056A00080408B4908660846006E00F480400190F7
:1056B00000BF00BF00BF0846C06C40F00400C864D3
:1056C0000846C06C00F00400019000BF00BF30200D
:1056D000179002201890002019901A9007201B9014
:1056E00017A97C48FCF7A6FE81488249086018206B
:1056F000486000217F488160C160802101610021F4
:1057000041618161C1614FF400510162FCF7B4FD58
:1057100008B1FBF7ABFC00BF7648C4F88000846298
:1057200000BF734814307449086019204860102184
:10573000714881600021C1608021016100214161C7
:105740008161C1610162FCF797FD08B1FBF78EFC36
:1057500000BF6948E067846200BF00220421252061
:10576000FDF7FEFD2520FDF7E7FDF8E0FFE76349C3
:105770002068884276D1022002900020049002A87E
:10578000FDF7D6FE08B1FBF771FC00BF5048806DF5
:1057900040F400304E4988650846806D00F40030C2
:1057A000019000BF00BF00BF0846C06C40F0010080
:1057B000C8640846C06C00F00100019000BF00BF43
:1057C000C813179002201890002019901A900720F3
:1057D0001B9017A94FF09040FCF72CFE4448643012
:1057E000474908601A204860002145488160C1602F
:1057F00080210161002141618161C1614FF400514B
:105800000162FCF739FD08B1FBF730FC00BF3C48F2
:10581000C4F88000846200BF35483C3039490860D4
:105820001B2048601021374881600021C160802121
:105830000161002141618161C1610162FCF71CFDD0
:1058400008B1FBF713FC00BF2E48E067846200BF7D
:10585000002204212620FDF783FD2620FDF76CFDA4
:105860007DE0FFE728492068884278D10420029033
:105870000020059002A8FDF75BFE08B1FBF7F6FBE0
:1058800000BF1348806D40F48020114988650846A8
:10589000806D00F48020019000BF00BF00BF08466B
:1058A000C06C40F00200C8640846C06C00F0020002
:1058B000019000BF00BF4FF4406017900220189085
:1058C000002019901A9007201B901FE0004C004008
:1058D00000100240000800481C0402406C0A00202E
:1058E00000500040000C0048CC0A00200038014065
:1058F000300002402C0B00208C0B002000440040A4
:10590000EC0B00204C0C00200048004017A9154863
:10591000FCF790FD1448154908601C2048600021E0
:1059200012488160C1608021016100214161816173
:10593000C1614FF440510162FCF79EFC08B1FBF7D6
:1059400095FB00BF0948C4F88000846200BF0022B4
:1059500011462720FDF704FD2720FDF7EDFC1CB0C4
:1059600010BD00000004004808040240AC0C0020F8
:10597000704770472DE9F84F04460E461746994682
:10598000D4F88800202854D106B117B90120BDE809
:10599000F88F00205434E06321206063FCF740FE60
:1059A000824627806780543CA068B0F5805F04D1B0
:1059B000206910B90025B04602E035464FF00008D6
:1059C00020E05346002280212046CDF8009002F0CE
:1059D00093FF20B12020C4F888000320D7E745B901
:1059E000B8F80000C0F308002168886208F10208D6
:1059F00003E02878216888626D1CB4F85600401EC8
:105A0000A4F85600B4F856000028DAD15346002214
:105A100040212046CDF8009002F06EFF20B12020FA
:105A2000C4F888000320B2E72020C4F888000020D2
:105A3000ADE70220ABE7000070B504460E46154600
:105A4000D4F8880020283FD106B10DB9012070BDDF
:105A500044F8506FA580E580002020642120A063D9
:105A6000E06A503CE0B11948E16FC8621848E16F44
:105A700008631848E16F48630020E16F886323687A
:105A800003F128022B46216DE06FFCF75DFC38B175
:105A90001020C4F890002020C4F888000120D6E728
:105AA00040202168086200BF00BF2168083151E82A
:105AB000001F41F080002168083141E80002002AFF
:105AC000F3D100BF0020C2E70220C0E7278300080F
:105AD0007D830008EF8100087047704710B50021F2
:105AE0000148FCF7F7FF10BD4803002010B5012165
:105AF0000148FCF7EFFF10BD48030020072944D2FE
:105B0000DFE801F00D161F28313A04000268D2F8D0
:105B1000842342F001030268C2F8843336E002684D
:105B2000D2F8842342F002030268C2F884332DE0E5
:105B30000268D2F8842342F004030268C2F8843376
:105B400024E00268D2F8842342F008030268C2F815
:105B500084331BE00268D2F8842342F01003026809
:105B6000C2F8843312E00268D2F8842342F02003A2
:105B70000268C2F8843309E00268D2F8842342F054
:105B800040030268C2F8843300E000BF00BF7047E2
:105B900070B504462068D0F888532068D0F8906328
:105BA00005F0010048B106F0010030B10121206884
:105BB000C0F88C132046FCF787FF05F0020048B1BF
:105BC00006F0020030B102212068C0F88C13204694
:105BD000FCF77BFF05F0040048B106F0040030B18B
:105BE00004212068C0F88C132046FCF76FFF05F0F5
:105BF000080048B106F0080030B108212068C0F85C
:105C00008C132046FCF763FF05F0100048B106F046
:105C1000100030B110212068C0F88C132046FCF72A
:105C200057FF05F0400048B106F0400030B1402178
:105C30002068C0F88C132046FCF74BFF05F02000CD
:105C400048B106F0200030B120212068C0F88C1344
:105C50002046FDF75DF870BD10B503681A6822F0A4
:105C600007028B681A4322F01802CB681A430368B4
:105C70001A600B68046863614B680468A36110BD17
:105C800010B50246146820681468D4F8A03320F0D8
:105C900020004C69204320F0C0004C69202C02D029
:105CA0008C69022C04D120F0C00040F0200013E0E9
:105CB0008C69032C04D140F0400020F080000BE000
:105CC0008C69042C04D140F0800020F0400003E0F7
:105CD00020F0200020F0C00020F40060CC692043B8
:105CE00020F480600C6A204320F0C0604C6A20439E
:105CF00020F000608C6A204320F04040CC6A40EAEB
:105D0000840020F000504C6B204323F480330C6B54
:105D10002343146820601468C4F8A03310BD2DE933
:105D2000F04104462068D0F888732068D0F890834A
:105D3000206845682068C66807F4803090B108F490
:105D4000803078B14FF480312068C0F88C13012086
:105D500084F8DD0000BF002084F8DC0000BF20468E
:105D6000FCF770FE07F4003050B108F4003038B191
:105D70004FF400312068C0F88C132046FCF731FE48
:105D800005F0010048B106F0010030B101202168A2
:105D9000886006212046FCF727FE05F0020048B186
:105DA00006F0020030B102202168886006212046FA
:105DB000FCF744FE05F0040048B106F0040030B1E1
:105DC00004202168886006212046FCF738FE05F093
:105DD000080048B106F0080030B10820216888604A
:105DE00006212046FCF72CFE05F0100048B106F015
:105DF000100030B110202168886006212046FCF791
:105E000085FF05F0200040B106F0200028B12020D9
:105E1000216888602046FCF77AFF05F0400048B111
:105E200006F0400030B140202168886006212046FD
:105E3000FCF76BFFBDE8F081F0B51546002407685C
:105E4000803707EBC1177A6E0768803707EBC117F9
:105E5000BE6B402D23D00EDC082D34D006DC012D86
:105E60001AD0022D2ED0042D43D116E0102D15D0BE
:105E7000202D3ED128E0B5F5007F27D005DC802D10
:105E800023D0B5F5807F34D10AE0B5F5806F08D016
:105E9000B5F5006F2DD11AE000BF00BF00BF00BFF5
:105EA00000BFD3F804C00768803707EBC117C7F8F5
:105EB0003CC0D3F808C00768803707EBC117C7F8A4
:105EC00040C017E000BF00BF00BF00BF00BFD3F855
:105ED00004C00768803707EBC117C7F844C0D3F880
:105EE00008C00768803707EBC117C7F848C01024FF
:105EF00000E000BF00BFFE27A740BA431F68A740CD
:105F00003A43DF68A7403A431F69A7403A435F69B5
:105F1000A7403A439F69A7403A431F69082F08D119
:105F200006F400772FB906F0007717B9DF69A740AC
:105F30003A430768803707EBC1177A66F0BD2DE951
:105F4000F04104460D462068803000EBC5104668DD
:105F50002068803000EBC510C76806F0010060B112
:105F600007F0010048B101212068803000EBC51026
:105F7000816029462046FCF737FD06F0020060B13B
:105F800007F0020048B102212068803000EBC51004
:105F9000816029462046FCF751FD06F0040060B1FF
:105FA00007F0040048B104212068803000EBC510E0
:105FB000816029462046FCF742FD06F0080060B1EA
:105FC00007F0080048B108212068803000EBC510B8
:105FD000816029462046FCF733FD06F0100060B1D1
:105FE00007F0100048B110212068803000EBC51088
:105FF000816029462046FCF789FE06F0400060B12A
:1060000007F0400048B140212068803000EBC51007
:10601000816029462046FCF778FE06F0800060B1DA
:1060200007F0800048B180212068803000EBC51067
:10603000816029462046FCF7D5FC06F4807068B1E3
:1060400007F4807050B14FF480712068803000EB0D
:10605000C510816029462046FCF7C5FC06F4007097
:1060600068B107F4007050B14FF4007120688030BF
:1060700000EBC510816029462046FCF71EFE06F4A1
:10608000806068B107F4806050B14FF4806120688F
:10609000803000EBC510816029462046FCF70CFEDD
:1060A00006F4006068B107F4006050B14FF400617D
:1060B0002068803000EBC510816029462046FCF73F
:1060C000FEFD06F4805068B107F4805050B14FF4E3
:1060D00080512068803000EBC51081602946204641
:1060E000FCF7ECFD06F4005068B107F4005050B125
:1060F0004FF400512068803000EBC51081602946C4
:106100002046FCF79EFC06F4804068B107F480400E
:1061100050B14FF480412068803000EBC5108160A1
:1061200029462046FCF7CFFCBDE8F08130B5046875
:10613000803404EBC114236823F0070394682343DD
:1061400023F01803D46823430468803404EBC1149B
:10615000236015680468803404EBC11465615568D8
:106160000468803404EBC114A56130BD2DE9F04111
:1061700003460C46D3F800C00CF1800C0CEBC41C99
:10618000DCF800C02CF07048D3F800C00CF1800C93
:106190000CEBC41CCCF80080D3F800C00CF1800CD0
:1061A0000CEBC41CDCF80000D3F800C00CF1800C30
:1061B0000CEBC41CDCF86860D3F800C00CF1800C58
:1061C0000CEBC41CDCF86450D3F800C0DCF8A0135E
:1061D00020F02000D2F814C04CEA0000D2F814C01D
:1061E000BCF1200F04D0D2F818C0BCF1020F04D1CA
:1061F00020F4C07040F0200017E0D2F818C0BCF1C5
:10620000030F04D140F0800020F480700DE0D2F83C
:1062100018C0BCF1040F04D140F4807020F080005D
:1062200003E020F0200020F4C07020F40060D2F8D9
:106230001CC04CEA000020F48060D2F820C04CEA78
:10624000000020F0C060D2F824C04CEA000020F02A
:106250000060D2F828C04CEA000020F07040D2F86C
:106260002CC04CEA000020F40030D2F834C0BCF15D
:10627000005F01D140F4003020F04000D2F838C077
:106280004CEA000020F48020D2F858C04CEA00000C
:10629000DFF820C100EA0C00D2F850C04CEA000040
:1062A00026F03F0692F83CC00CF03F0C4CEA060684
:1062B00026F00046D2F840C04CEA060625F4807568
:1062C000D2F844C04CEA0505D2F848C0BCF5606F6E
:1062D00004D0D2F848C0BCF5F05F04D1D2F838C081
:1062E000BCF1400F05D125F4F055D2F848C04CEA76
:1062F000050525F48045D2F84CC04CEA0505576DDC
:10630000062C2ED2DFE804F0030A11181F2621F410
:106310000031D2F830C041EA4C0123E021F4802161
:10632000D2F830C041EA8C011CE021F40021D2F8FF
:1063300030C041EACC0115E021F48011D2F830C020
:1063400041EA0C110EE021F40011D2F830C041EA0C
:106350004C1107E021F48001D2F830C041EA8C11E1
:1063600000E000BF00BFD3F800C00CF1800C0CEBC4
:10637000C41CCCF80000D3F800C00CF1800C0CEB6E
:10638000C41CCCF86860D3F800C00CF1800C0CEB96
:10639000C41CCCF86450D3F800C00CF1800C0CEB9A
:1063A000C41CCCF85470D3F800C0CCF8A013BDE8DE
:1063B000F0810000FFFF06FE10B503461C68803424
:1063C00004EBC114E06E20F01000146840EA0410E1
:1063D00020F480105468204320F48030D468204397
:1063E00020F40030946820439469012C0BD120F0F4
:1063F00004001469204320F002005469204320F077
:106400000100946920431C68803404EBC114E066E9
:1064100010BD00BFFEE700008168024A1140491C20
:1064200081607047C0FFFF7F0146886800F0E07020
:1064300070470146886800F01F007047024602F16D
:10644000600000EB8103186800F0F84070470146D7
:106450008868C0F3C000704701468868C0F34000F8
:1064600070470146886800F001007047014688685F
:1064700000F00100704701468868C0F30070704763
:1064800001468868C0F38000704701468868C0F301
:10649000800070470146C86800F4406008B90120D8
:1064A00070470020FCE700008168024A1140091D86
:1064B00081607047C0FFFF7F70B500F11404C1F325
:1064C000406504EB85031C68C1F304560725B540FD
:1064D000AC43C1F3045502FA05F52C431C6070BDB2
:1064E000826822F0E0720A438260704710B500F1C2
:1064F000600404EB81031C6824F0004414431C6016
:1065000010BD426922F000420A4342617047000018
:1065100000B58BB00020089009900A9020216846B1
:10652000F9F7C2FE4FF0A040304908604FF4403008
:10653000486000212D488160C160016141610421F2
:10654000816100210177417701210162002180F8FA
:1065500024104FF4D461C1624FF4806101630121C2
:1065600080F838100903C163012180F84010102120
:106570004164A02181640021C16401210165FBF710
:106580007DF908B1FAF772FD0020089008A91748B4
:10659000FAF7DAFD08B1FAF769FD15480090062010
:1065A0000190032002907F2003900420049000209B
:1065B000059069460D48FAF7A3FE08B1FAF756FDB3
:1065C0004FF4FA60FAF73CF87F210848FAF764FDC7
:1065D00008B1FAF74BFD012206490448FBF7D2FB4C
:1065E00008B1FAF743FD0BB000BD0000C000002069
:1065F000020030040800002000B589B0202101A865
:10660000F9F752FE2A482B4908604FF440304860A1
:10661000002128488160C1600161416104218161DC
:1066200000210177417701210162002180F82410C7
:106630004FF4E061C1624FF480610163012180F891
:1066400038100903C163012180F840101021416412
:10665000A02181640021C16401210165FBF70EF9CD
:1066600008B1FAF703FD14480190062002900320B8
:1066700003907F200490042005900020069001A93B
:106680000C48FAF73DFE08B1FAF7F0FC7F21094803
:10669000FAF702FD08B1FAF7E9FC012207490548BB
:1066A000FBF770FB08B1FAF7E1FC09B000BD000090
:1066B000000100502C010020040060080A000020A6
:1066C00000B58BB00020089009900A902021684600
:1066D000F9F7EAFD2E482F4908604FF44030486032
:1066E00000212C488160C160016141610421816108
:1066F00000210177417701210162002180F82410F7
:106700004FF4E061C1624FF480610163012180F8C0
:1067100038100021C163012180F84010102141642C
:10672000A02181640021C16401210165FBF7A6F865
:1067300008B1FAF79BFC0020089008A91548FAF761
:1067400003FD08B1FAF792FC13480090062001906F
:10675000032002907F2003900420049000200590E5
:1067600069460C48FAF7CCFD08B1FAF77FFC7F21A7
:106770000848FAF791FC08B1FAF778FC01220749BA
:106780000448FBF7FFFA08B1FAF770FC0BB000BD44
:106790000004005098010020020030040C0000208A
:1067A00010B50F480F4908600120087101210D48FC
:1067B000417148F2050181600821C1604FF6FF7107
:1067C0000161202141618021816101200549086228
:1067D0000846FBF7F3FB08B1FAF748FC10BD0000D0
:1067E000003002402403002008B500BF3B48806C05
:1067F00040F00400394988640846806C00F00400C9
:10680000009000BF00BF00BF0846806C40F0010050
:1068100088640846806C00F00100009000BF00BF53
:1068200000BF0846806C40F0020088640846806C17
:1068300000F00200009000BF00BF002207210B20E3
:10684000FCF78EFD0B20FCF777FD002207210C20C2
:10685000FCF786FD0C20FCF76FFD002206210D20C1
:10686000FCF77EFD0D20FCF767FD002206210E20BF
:10687000FCF776FD0E20FCF75FFD002207210F20BC
:10688000FCF76EFD0F20FCF757FD002206211020BB
:10689000FCF766FD1020FCF74FFD00220521382093
:1068A000FCF75EFD3820FCF747FD0022052139206A
:1068B000FCF756FD3920FCF73FFD002205213A2068
:1068C000FCF74EFD3A20FCF737FD00220621602040
:1068D000FCF746FD6020FCF72FFD08BD00100240CC
:1068E00000B587B0142102A8F9F7DEFC00BF4048CC
:1068F000C06C40F004003E49C8640846C06C00F01B
:106900000400019000BF00BF00BF0846C06C40F00B
:106910002000C8640846C06C00F02000019000BF51
:1069200000BF00BF0846C06C40F00100C8640846C4
:10693000C06C00F00100019000BF00BF00BF08461E
:10694000C06C40F00200C8640846C06C00F0020051
:10695000019000BF00BF00BF0846C06C40F00800B7
:10696000C8640846C06C00F00800019000BF00BF7A
:1069700000224FF400511F48FBF74CFE0122110387
:106980004FF09040FBF746FE00224FF400614FF0BD
:106990009040FBF73FFE00224FF41C711648FBF7B6
:1069A00039FE4FF400500290012003900020049023
:1069B000059002A90F48FBF73DFD4FF4C05002902F
:1069C0000120039000200490059002A94FF0904010
:1069D000FBF730FD4FF41C70029001200390002063
:1069E0000490059002A90448FBF724FD07B000BD00
:1069F00000100240000800480004004800B5B1B093
:106A000000202F9030902B902C902D902E90602174
:106A100013A8F9F749FC1C210CA8F9F745FC002044
:106A200009900A900B90202101A8F9F73DFC9148AC
:106A3000914908600020486000218F488160FCF780
:106A40005DF808B1FAF712FB0C218B48FBF7FBFF4E
:106A500008B1FAF70BFB0A218748FCF731F908B1B6
:106A6000FAF704FB00202F904FF4006030902FAA1B
:106A700001218148FBF77EFE08B1FAF7F7FA002200
:106A800001217D48FBF7D2FD08B1FAF7EFFA4FF488
:106A900080302F90002030902FAA04217648FBF7F9
:106AA00069FE08B1FAF7E2FA002204217248FBF706
:106AB000BDFD08B1FAF7DAFA0A2030902FAA20219A
:106AC0006D48FBF757FE08B1FAF7D0FA00222021F3
:106AD0006948FBF7ABFD08B1FAF7C8FA48F2D040B5
:106AE0002B9000202C9004202D9008202E902BAA73
:106AF00006216148FCF70DF908B1FAF7B7FA002052
:106B00001390149015901690012017900020189063
:106B100019901A901B901C904FF000601D9000205F
:106B20001E901F9020902A9013AA06215248FCF72D
:106B3000C3FA08B1FAF79AFA44F268202B902BAA0C
:106B400000214D48FCF7E5F808B1FAF78FFA00206C
:106B50000C900D900E900F9012900CAA00214648B8
:106B6000FCF716FB08B1FAF781FA01201390002018
:106B700014904FF0005020900020219022902390FC
:106B8000249025902790102028900020299013AA67
:106B900000213948FCF790FA08B1FAF767FA0020AB
:106BA0001D90209013AA01213348FCF785FA08B103
:106BB000FAF75CFA42F23410099009AB0122002185
:106BC0002D48FCF7C3F808B1FAF750FA43F2CE109B
:106BD000099000200A900B9009AB02220021264860
:106BE000FCF7B4F808B1FAF741FA41F29A000990BB
:106BF00009AB042200212048FCF7A8F808B1FAF7F5
:106C000035FA002001900420029008200390002013
:106C10000490059006900790089001AB0122002196
:106C20001548FCF7FFF908B1FAF720FA48F2D0400E
:106C30002B902BAA01211048FCF76BF808B1FAF74A
:106C400015FA0CAA01210C48FCF7A2FA08B1FAF7D0
:106C50000DFA45F20230099009AB012211460648AF
:106C6000FCF774F808B1FAF701FA0348FBF7F6FFEE
:106C700031B000BD006801404803002010B508484D
:106C8000084908600020486040F6FF710548C1606F
:106C90008160FCF7A7FA08B1FAF7E8F910BD000027
:106CA000003000404404002000B59BB00020179045
:106CB000189019901A901490159016901C210DA8F8
:106CC000F9F7F2FA34216846F9F7EEFA3B483C4905
:106CD00008601020486000213948816042F20F713D
:106CE000C16000210161416180218161FDF75BFB91
:106CF00008B1FAF7BBF94FF48050179017A9304844
:106D0000FDF726FC08B1FAF7B1F92D48FDF730FE82
:106D100008B1FAF7ABF9002014901590169014A959
:106D20002748FDF7D3FA08B1FAF7A0F930200D9003
:106D300040F2CF700E9000200F90109011901290A2
:106D4000139000220DA91E48FDF7B1FD08B1FAF716
:106D50008DF900200D9040F69F700E9004220DA931
:106D60001748FDF7A4FD08B1FAF780F9002000905C
:106D700001900290039004904FF400500590002081
:106D80000690079008904FF00070099000200A903C
:106D90000B900C9069460A48FDF72AFA08B1FAF7F9
:106DA00065F90748FDF77AFB00210548FDF718FE55
:106DB00004210348FDF714FE1BB000BD002C014068
:106DC0005404002000B587B0002003900490059083
:106DD00006900090019002904FF0804017490860A3
:106DE00040F2A360486000211448816044F61F61AE
:106DF000C160002101618161FDF7D5FA08B1FAF7A0
:106E000035F94FF48050039003A90C48FDF7A0FB1F
:106E100008B1FAF72BF90020009002906946074864
:106E2000FDF754FA08B1FAF721F90448FDF736FBEB
:106E300008B1FAF71BF907B000BD0000A00400205C
:106E400010B51C481C4908601C48486000211A48BD
:106E50008160C16001610C214161002181614FF4B9
:106E60000041C16100210162416200201249886233
:106E70000846FEF7E7FA08B1FAF7F8F84FF0804154
:106E80000D48FEF755F808B1FAF7F0F84FF08061B9
:106E90000948FEF71EF808B1FAF7E8F80648FDF7CA
:106EA000D3FE08B1FAF7E2F8082205490248FDF7D7
:106EB000FAFE10BD004C004088070020A0252600E7
:106EC0002C00002010B51C481C4908601C48486074
:106ED00000211A488160C16001610C2141610021DB
:106EE00081614FF40041C1610021016241620020D3
:106EF000124988620846FEF7A5FA08B1FAF7B6F813
:106F00004FF080410D48FEF713F808B1FAF7AEF8DC
:106F10004FF080610948FDF7DCFF08B1FAF7A6F8E9
:106F20000648FDF791FE08B1FAF7A0F808220549D6
:106F30000248FDF7B8FE10BD005000401C080020BC
:106F4000A02526003400002010B51C481C4908600C
:106F50004FF4E1304860002119488160C16001614F
:106F60000C21416100218161C16101624162002007
:106F7000134988620846FEF765FA08B1FAF776F811
:106F800000210F48FDF7D4FF08B1FAF76FF8002190
:106F90000B48FDF79EFF08B1FAF768F80848FDF7BF
:106FA0002CFE08B1FAF762F80648F9F7FCFB6422F8
:106FB00005490348FDF777FE10BD00000038014089
:106FC000B0080020C4060020FC05002010B51C48B5
:106FD0001C4908604FF46120486000211948816015
:106FE000C16001610C21416100218161C1610162C7
:106FF00041620020134988620846FEF723FA08B16F
:10700000FAF734F800210F48FDF792FF08B1FAF7BC
:107010002DF800210B48FDF75CFF08B1FAF726F8C0
:107020000848FDF7EAFD08B1FAF720F80648F9F735
:10703000BAFB642205490348FDF735FE10BD000088
:10704000004400404409002026070020600600207C
:1070500010B51C481C4908601C48486000211A48AB
:107060008160C16001610C214161002181614FF4A7
:107070000041C16100210162416200201249886221
:107080000846FEF7DFF908B1F9F7F0FF4FF080414D
:107090000D48FDF74DFF08B1F9F7E8FF4FF08061AB
:1070A0000948FDF716FF08B1F9F7E0FF0648FDF7BC
:1070B000CBFD08B1F9F7DAFF082205490248FDF7D0
:1070C000F2FD10BD00480040D8090020A025260090
:1070D0002400002000BFFEE710B52DED028B00F06C
:1070E00025F8B0EE408A9FED080A38EE400AF0EE2F
:1070F000408A9FED060AC8EE800A9FED051A80EED1
:10710000810ABDEC028B10BDCDCCCC3F00002442E7
:107110000AD7A33C10B5FFF7DFFF0348D0ED000A04
:1071200030EE600A10BD00000000002008B568467F
:10713000F9F744FC10B19FED0F0A08BDBDF800003F
:1071400000EE100AF8EE400ABDF8020000EE100A48
:10715000B8EE400A30EE800AB0EE001AC0EE010A26
:107160009FED050A60EE800A9FED041A80EE810A09
:10717000E3E7000000000000333353400000804587
:1071800010B50020F9F7DCFC0020F9F7EFFC002037
:10719000F9F7C4FC10BD00002DE9F04701464FF09F
:1071A000180911B90020BDE8F08742F21C50814255
:1071B00000D9014619480088884202DB1848008837
:1071C000F1E71648C08D884202DC1548C08DEAE719
:1071D00000221EE0114830F812300546501C35F8E8
:1071E0001040A14213DC0E4830F812508246501C69
:1071F0003AF81070E61AA7EB050CC81A00FB0CF859
:1072000008EB5600B0FBF6F0284480B2CBE7501CE8
:1072100082B2172ADED30248C08DC4E7548C00081E
:10722000848C000800BFFEE703480078012801D1E4
:10723000142070471120FCE7040000200348007868
:10724000012801D1024870470248FCE704000020F1
:10725000FFFF0F00FFFF0100014608290DD20822A1
:10726000072313480360032311480830036042F2E8
:107270003713001D03600020704744F268208142EC
:1072800001D90120F8E7481E094A10600120C0EB2F
:10729000510207480830026044F26820401A01EBAE
:1072A0005000401E024A0C3210600020E4E700004B
:1072B0009C6801407047000070B5164DED6805F000
:1072C0000304144DED68C5F303156B1C022C0CD0A0
:1072D000032C09D1104DB5FBF3F50E4EF668C6F33D
:1072E000062605FB06F10AE000BF0C4DB5FBF3F5E1
:1072F000084EF668C6F3062605FB06F100BF00BF80
:10730000044DED68C5F341656D1C6A00B1FBF2F0F8
:1073100070BD00000010024000366E010024F40031
:1073200010B503E011F8013B00F8013B131EA2F178
:107330000104A2B2F6D110BD704700002DE9F0475C
:10734000054688461646002405B116B90120BDE859
:10735000F087B8F10A0F01D20220F8E72046611C3D
:107360008CB2285C5A2805D12046611C8CB2285C5E
:10737000A52801D00220EAE72046611C8CB2285CD7
:10738000012801D00220E2E72046611C8CB2285C73
:10739000042801D00220DAE72819F9F7E7F930804C
:1073A000A01C84B22819F9F7E1F97080A01C84B2FE
:1073B000295D601C285C41EA002921462846F9F72E
:1073C000EBF807464F4501D00320C0E7B6F90000AF
:1073D0000B49884204DBB6F900004942884201DDCE
:1073E0000420B4E7B6F9020010F5FA6F04DBB6F931
:1073F0000200B0F5FA6F01DD0420A8E70020A6E73F
:10740000F0D8FFFF2DE9F04706460D469146984615
:10741000002406B115B90120BDE8F087B9F1200FAD
:1074200001D20220F8E75A222046611C8CB22A546D
:10743000A5222046611C8CB22A5402222046611CDF
:107440008CB22A541A222046611C8CB22A54B6F9F6
:1074500000102819F9F786F9A01C84B22819716860
:10746000F9F78BF9201D84B22819B168F9F785F96D
:10747000201D84B22819F168F9F77FF9201D84B224
:1074800028193169F9F779F9201D84B22819716931
:10749000F9F773F9201D84B22819B169F9F76DF96C
:1074A000201D84B221462846F9F776F80746204683
:1074B000611C8CB22F543A0A2046611C8CB22A54AB
:1074C000B8F1000F01D0A8F800400020A4E70000A8
:1074D00030B52DED028B81B004466846F9F77EFA8F
:1074E00038B10CB100202060002001B0BDEC028B4F
:1074F00030BD14B1BDF800002060BDF8000000EE02
:10750000100AB8EE400ADFED0D0A20EE200ADFED8A
:107510000C0A80EE208A9FED0B0A38EE400ADFED60
:107520000A0AC0EE208A9FED090A28EE800ABDEE05
:10753000C00A10EE105A2846D7E7000033335340F4
:1075400000008045CDCCCC3F0AD7233E00007A44D2
:1075500001490870704700000400002010B52DEDAF
:10756000028B9FED230AB0EE408A0020F9F7E8FA7B
:107570000020F9F7FBFAC820F9F762F8002405E0CB
:10758000FFF7AAFD0220F9F75BF8641C102CF7D373
:10759000002409E0FFF7A0FD30EE080AB0EE408AB3
:1075A0000220F9F74DF8641C402CF3D39FED110A2B
:1075B000C8EE000A1048C0ED000A90ED000AF7EE90
:1075C000000AB4EEE00AF1EE10FA08DC90ED000AD1
:1075D000FFEE000AB4EEE00AF1EE10FA04D29FEDDD
:1075E000040A054880ED000ABDEC028B10BD0000C6
:1075F00000000000000080420000002070B52DED6A
:10760000048B8CB0044624B906200CB0BDEC048B6E
:1076100070BD08A8F9F74CFB054625B103212846A3
:10762000F9F7BAFBF1E704A8F9F763FB054625B1C2
:1076300004212846F9F7B0FBE7E7FFF76BFDB0EE52
:10764000408A9FED3A0A28EE000ABDEEC00A10EE0D
:10765000106AB6F5FA6F02DD4FF4FA6603E016F52C
:10766000FA6F00DA324E30B2208009986060FFF77E
:10767000E5FD05990840E06008A8F9F7ADFCF0EEDB
:10768000408A0A20B0EE680AF9F736FC00EE100ACC
:10769000B8EEC00AB0EE409A26494842F9F766FCB7
:1076A000A06004A8F9F7A6FCF0EE408A0120B0EE35
:1076B000680AF9F721FC00EE100AB8EEC00AB0EE35
:1076C000409A40F29B214842F9F750FC20611A4849
:1076D000007820BB6846F9F736FB054625B1052141
:1076E0002846F9F759FB90E70198C0F31000606154
:1076F0006846F9F791FCF0EE408A0120B0EE680A86
:10770000F9F7FAFB00EE100AB8EEC00AB0EE409AA4
:1077100040F29B214842F9F729FCA06104E004F102
:107720001800FFF7D5FE606100206EE700007A4484
:1077300030F8FFFF6B0401000400002070B5044620
:10774000002500261548844202DB4042844201DDC8
:10775000012070BD082C04DD0020F9F7DFF9A5B287
:107760000CE014F1080F05DA0120F9F7D7F96042AF
:1077700085B203E0FFF704FD0020EAE72846FFF7A3
:107780000BFD06460120F9F7DBF93046F9F7EEF973
:1077900008B10220DDE70020DBE70000F0D8FFFFA2
:1077A0001FB504460020009014B9012004B010BD9C
:1077B0006A460A2101A8F9F7EBF908B10220F5E7BA
:1077C000BDF800000A2801D00220EFE72246BDF8EC
:1077D000001001A8FFF7B2FDE8E7000070B504460D
:1077E0000D460CB9012070BDB4F9000010F5FA6F18
:1077F00004DBB4F90000B0F5FA6F01DD0420F2E714
:107800006068002803DB6068B0F5001F01DB04201E
:10781000E9E73049A068884203DB4942A068884212
:1078200001DD0420DFE745B9E068002803DBE068FC
:10783000B0F5003F0ADB0420D5E7E068002803DB51
:10784000E068B0F5801F01DB0420CCE7206910F56B
:10785000277F03DD2069B0F5277F01DB0420C2E725
:1078600095B96069002803DB6069B0F5003F01DB72
:107870000420B8E7A06910F5277F03DDA069B0F503
:10788000277F14DB0420AEE713496069884203DBDD
:1078900049426069884201DD0420A4E7A06900280C
:1078A00003DBA069B0F5805F01DB04209BE70023C8
:1078B00020220A492046FFF7A5FD06460EB13046B4
:1078C00091E720210548F9F78BF908B105208AE7EF
:1078D000002088E795FBFEFFE0B1FFFFA00000203D
:1078E00010B5FBF7BFFC10BD00B593B0382105A85B
:1078F000F8F7DAFC14216846F8F7D6FC0020FBF70D
:1079000081FD092005904FF48030069001200A90F7
:1079100002200C9003210D9106210E9155210F910B
:107920000421109102211191129105A8FCF794F9FC
:1079300008B1F9F79BFB0F20009003200190002075
:1079400002900390049004216846FBF7FDFF08B104
:10795000F9F78CFB13B000BD0348006840F47000D9
:10796000014908607047000088ED00E010B502484A
:10797000FCF78DFE10BD00005404002010B5024835
:10798000FCF785FE10BD00005404002010B502482D
:10799000FCF77DFE10BD0000A004002010B50268B9
:1079A000314B984211D0B0F1804F0ED02F4B9842FE
:1079B0000BD02F4B984208D02E4B984205D02E4B1F
:1079C000984202D02D4B984203D122F070024B68AE
:1079D0001A43254B98421AD0B0F1804F17D0234B51
:1079E000984214D0224B984211D0224B98420ED08C
:1079F000214B98420BD0224B984208D0214B984201
:107A000005D0214B984202D01C4B984203D122F45E
:107A10004072CB681A4322F080034C6943EA0402A7
:107A200002608B68C3620B6883620F4B98420ED072
:107A3000114B98420BD0124B984208D0114B9842F0
:107A400005D0114B984202D00C4B984201D10B69E2
:107A5000036301234361036903F001031BB103695D
:107A600023F00103036110BD002C0140000400401D
:107A700000080040000C004000340140005001406C
:107A800000400140004401400048014030B501F091
:107A90001F05012404FA05F3046A9C430462046A86
:107AA00001F01F0502FA05F52C43046230BD30B524
:107AB0000C46816821F47F4142EA0325254329438E
:107AC000816030BD0A468168034B194042F00703CC
:107AD00019438160704700008FFFCFFF30B5026A05
:107AE000056A25F00105056243688469234D2C4031
:107AF00024F003040D682C4322F002028D682A430F
:107B00001F4DA84200D113E01E4DA84200D10FE046
:107B10001D4DA84200D10BE01C4DA84200D107E04A
:107B20001B4DA84200D103E01A4DA84206D100BF68
:107B300022F00802CD682A4322F00402104DA84228
:107B40000ED0104DA8420BD00F4DA84208D00F4DBB
:107B5000A84205D00E4DA84202D00E4DA84207D132
:107B600023F4807323F400734D692B438D692B43F9
:107B7000436084614D684563026230BD8FFFFEFF44
:107B8000002C01400034014000400140004401400D
:107B9000004801400050014030B5026A056A25F0F6
:107BA0001005056243688469264D2C4024F4407416
:107BB0000D6844EA052422F020028D6842EA05128D
:107BC000214DA84200D113E0204DA84200D10FE082
:107BD0001F4DA84200D100BF1E4DA84200D100BFDA
:107BE0001D4DA84200D100BF1C4DA84207D100BFC7
:107BF00022F08002CD6842EA051222F04002124DC6
:107C0000A8420ED0114DA8420BD0114DA84208D069
:107C1000104DA84205D0104DA84202D00F4DA842E9
:107C200009D123F4806323F400634D6943EA85039B
:107C30008D6943EA8503436084614D688563026210
:107C400030BD0000FF8FFFFE002C014000340140DA
:107C50000040014000440140004801400050014004
:107C600030B5026A056A25F4807505624368C46907
:107C7000254D2C4024F003040D682C4322F400729F
:107C80008D6842EA0522214DA84200D113E0204D23
:107C9000A84200D10FE01F4DA84200D100BF1E4DE9
:107CA000A84200D100BF1D4DA84200D100BF1C4D0D
:107CB000A84207D100BF22F40062CD6842EA052243
:107CC00022F48062114DA8420ED0114DA8420BD073
:107CD000104DA84208D0104DA84205D00F4DA84223
:107CE00002D00F4DA84209D123F4805323F400534E
:107CF0004D6943EA05138D6943EA05134360C46186
:107D00004D68C563026230BD8FFFFEFF002C01404D
:107D1000003401400040014000440140004801405F
:107D20000050014030B5026A056A25F480550562AD
:107D30004368C469264D2C4024F440740D6844EA1D
:107D4000052422F400528D6842EA0532214DA842F2
:107D500000D113E0204DA84200D10FE01F4DA842F2
:107D600000D100BF1E4DA84200D100BF1D4DA8424A
:107D700000D100BF1C4DA84207D100BF22F4004231
:107D8000CD6842EA053222F48042124DA8420ED05C
:107D9000114DA8420BD0114DA84208D0104DA84259
:107DA00005D0104DA84202D00F4DA84209D123F4AE
:107DB000804323F400434D6943EA85138D6943EA08
:107DC00085134360C4614D680564026230BD0000E4
:107DD000FF8FFFFE002C01400034014000400140B5
:107DE00000440140004801400050014030B5026AA3
:107DF000056A25F4803505624368046D124D2C40F8
:107E00000D682C4322F400320D8942EA05420F4DE1
:107E1000A8420ED00E4DA8420BD00E4DA84208D05D
:107E20000D4DA84205D00D4DA84202D00C4DA842E0
:107E300004D123F480334D6943EA0523436004658C
:107E40004D688564026230BD8FFFFEFF002C01404B
:107E5000003401400040014000440140004801401E
:107E60000050014030B5026A056A25F480150562AC
:107E70004368046D134D2C400D6844EA052422F438
:107E800000120D8942EA05520F4DA8420ED00F4D47
:107E9000A8420BD00E4DA84208D00E4DA84205D0E6
:107EA0000D4DA84202D00D4DA84204D123F48023E9
:107EB0004D6943EA8523436004654D68C5640262E9
:107EC00030BD0000FF8FFFFE002C01400034014058
:107ED0000040014000440140004801400050014082
:107EE00030B50B461446026A056A25F001050562A5
:107EF000816921F0F00141EA041122F00A021A43DB
:107F00008161026230BD30B50B461446026A056AD3
:107F100025F010050562816921F4704141EA0431C0
:107F200022F0A00242EA03128161026230BD000029
:107F300010B50C48006800F0400078B140200949B5
:107F4000091D086007481C38006820F040000549FA
:107F50001C39086000210420F8F75CFD0248FDF799
:107F600089F810BD1C4C00408807002010B50A4855
:107F7000C06900F0400058B1402007490862084637
:107F8000006820F04000086000210520F8F742FD5D
:107F90000248FDF76FF810BD005000401C0800209B
:107FA00070B5456E2DB90125A0F86A50A0F868504B
:107FB0001CE0082308240568AD68C5F34261056824
:107FC000AD686A0F0A4DAD5C15FB04F5094EB65C51
:107FD00095FBF6F5A0F86A50054D6D5C15FB03F5B1
:107FE000044E765C95FBF6F5A0F8685070BD000075
:107FF000CC8C0008D48C000890F8281001F00801FF
:10800000082907D10168496821F40041826B1143B6
:108010000268516090F8281001F0010139B101683F
:10802000496821F40031C26A11430268516090F836
:10803000281001F00201022907D10168496821F4E2
:108040008031026B11430268516090F8281001F0F2
:108050000401042907D10168496821F48021426B99
:1080600011430268516090F8281001F010011029A6
:1080700007D10168896821F48051C26B11430268FD
:10808000916090F8281001F02001202907D10168A3
:10809000896821F40051026C11430268916090F8E4
:1080A000281001F04001402913D10168496821F4EA
:1080B0008011426C114302685160416CB1F5801F20
:1080C00007D10168496821F4C001826C114302683C
:1080D000516090F8281001F08001802907D10168D3
:1080E000496821F40021C26C114302685160704755
:1080F00038B504460020C4F89000FAF791FA054616
:108100002068006800F00800082821D16FF07E4048
:108110002B4600224FF400110090204600F0ECFBAB
:10812000B0B100BF00BF216851E8001F21F08000FE
:10813000226842E800010029F5D100BF2020C4F8E0
:10814000880000BF002084F8840000BF032038BDF1
:108150002068006800F00400042830D16FF07E40F1
:108160002B4600224FF480010090204600F0C4FB13
:1081700028B300BF00BF216851E8001F21F49070B0
:10818000226842E800010029F5D100BF00BF00BF0E
:108190002168083151E8001F21F0010021680831F1
:1081A00041E80002002AF3D100BF2020C4F88C006F
:1081B00000BF002084F8840000BF0320C7E7202010
:1081C000C4F88800C4F88C000020E066206700BF77
:1081D00084F8840000BF00BFB9E770B50446A56A03
:1081E0000020A5F85E002846FCF7D4FE70BD2DE9FE
:1081F000F0410546AC6AD4F88860D4F88C702068E9
:10820000806800F08000802807D1212E05D1002051
:10821000A4F85600204600F007F92068806800F0B6
:108220004000402807D1222F05D10020A4F85E008D
:10823000204600F0ABF8D4F8900040F01000C4F8ED
:1082400090002046FCF7A6FEBDE8F08170B505461B
:10825000AC6A2868006800F02000E0BB0020A4F8A9
:108260005E0000BF00BF216851E8001F21F480704C
:10827000226842E800010029F5D100BF00BF00BF1D
:108280002168083151E8001F21F001002168083100
:1082900041E80002002AF3D100BF00BF00BF2168FF
:1082A000083151E8001F21F040002168083141E801
:1082B0000002002AF3D100BF2020C4F88C00E06E39
:1082C00001280ED100BF00BF216851E8001F21F036
:1082D0001000226800E004E042E800010029F3D128
:1082E00000BF00202067E06E012805D1B4F85C10C3
:1082F0002046FCF709FD02E02046FDF739FB70BD82
:1083000070B50546AC6A01202067E06E012806D1F1
:10831000B4F85C0041082046FCF7F6FC02E0204679
:10832000FDF727FB70BD70B50546AC6A286800688C
:1083300000F02000F0B90020A4F8560000BF00BFF4
:108340002168083151E8001F21F0800021680831C0
:1083500041E80002002AF3D100BF00BF00BF21683E
:1083600051E8001F41F04000226842E80001002966
:10837000F5D102E02046FDF7AFFB70BD70B50446B5
:10838000A56A2846FDF7A9FB70BD000000BF00BF2D
:10839000026852E8002F22F49071036843E800124B
:1083A000002AF5D100BF00BF00BF0268083252E8C2
:1083B000002F104B02EA03010268083242E8001362
:1083C000002BF2D100BFC16E01290CD100BF00BF4C
:1083D000026852E8002F22F01001036843E80012FF
:1083E000002AF5D100BF2021C0F88C100021C16601
:1083F00041677047FEFFFFEF10B5044600BF00BFA6
:10840000216851E8001F21F04000226842E8000185
:108410000029F5D100BF2020C4F888000020A06703
:108420002046FDF759FB10BD00BF00BF026852E8AF
:10843000002F22F0C001036843E80012002AF5D1A2
:1084400000BF00BF00BF0268083252E8002F22F4CC
:1084500000010268083242E80013002BF3D100BF8C
:108460002021C0F8881070472DE9FE4F04460020F7
:108470000290E4492068884200D100E000BF2169F1
:10848000A068084361690843E16940EA010820687F
:108490000068DD49084040EA08002168086020685B
:1084A000406820F44050E168084321684860D4F8EF
:1084B0001880D4492068884202D0206A40EA08081F
:1084C00020688068D149084040EA08002168886037
:1084D0002068C06A20F00F00616A08432168C86202
:1084E00000BFCB492068884216D1CA48006800F016
:1084F000030030B1012808D0022804D0032808D195
:1085000005E0012507E0022505E0042503E0082534
:1085100001E0102500BF8DE0BF492068884216D1D8
:10852000BC48006800F00C0030B1042808D00828CE
:1085300004D00C2808D105E0002507E0022505E05D
:10854000042503E0082501E0102500BF72E0B349CF
:108550002068884216D1AF48006800F0300030B182
:10856000102808D0202804D0302808D105E00025A4
:1085700007E0022505E0042503E0082501E01025B9
:1085800000BF57E0A6492068884216D1A14800687C
:1085900000F0C00030B1402808D0802804D0C028A6
:1085A00008D105E0002507E0022505E0042503E0E9
:1085B000082501E0102500BF3CE09A492068884268
:1085C00019D19448006800F4407048B1B0F5807F3C
:1085D0000AD0B0F5007F05D0B0F5407F08D105E0A6
:1085E000002507E0022505E0042503E0082501E059
:1085F000102500BF1EE083492068884219D18548B4
:10860000006800F4406048B1B0F5806F0AD0B0F562
:10861000006F05D0B0F5406F08D105E0002507E0F8
:10862000022505E0042503E0082501E0102500BF30
:1086300000E0102500BF7349206888425BD135B146
:10864000022D08D0042D08D0082D0DD109E0FBF72C
:1086500093FA06460CE0744E0AE0FBF7B1FA0646C0
:1086600006E04FF4004603E000260120029000BF20
:1086700000BF002E10D06D49606A31F81000B6FBC3
:10868000F0F9606800EB4000484503D860680003DB
:10869000484502D201200290A8E06449606A31F89E
:1086A00010C06246002330461946F7F7B3FD4FF479
:1086B000807C0022A0FB0C3B01FB0CB100FB0210F4
:1086C0006168490859185041CDE90010D4F804C038
:1086D0006246002308460199F7F79CFD0746B7F567
:1086E000407F05D3B7F5801F02D22068C7607DE0C8
:1086F000012002907AE0E069B0F5004F3FD1092DEA
:1087000017D2DFE805F005090D160F16161613002F
:10871000FBF732FA064610E0FBF740FA06460CE09B
:10872000414E0AE0FBF74CFA064606E04FF40046DD
:1087300003E000260120029000BF00BF86B33B4942
:10874000606A31F81000B6FBF0F04000616800EBA1
:108750005100B0FBF1F7102F0ED3B7F5803F0BD2CD
:108760004FF6F07007EA000AC7F342004AEA000A2F
:108770002068C0F80CA039E00120029036E0092DF5
:1087800018D2DFE805F005090E17101717171400A7
:10879000FBF7F2F9064611E0FBF700FA06460DE09A
:1087A00024E0214E0AE0FBF70BFA064606E04FF400
:1087B000004603E000260120029000BF00BFAEB1DA
:1087C0001A49606A31F81000B6FBF0F0616800EBFE
:1087D0005100B0FBF1F7102F06D3B7F5803F03D25D
:1087E000B8B22168C86001E0012002900120A4F81D
:1087F0006A00A4F8680000206067A0670298BDE8DE
:10880000FE8F000000800040F369FFCFFFF4FF11EE
:1088100000380140881002400044004000480040F9
:10882000004C0040005000400024F400B48C0008CC
:1088300070B504460E46154644F8586FA5800020D2
:10884000A06322206063A06A583CF8B12748241D29
:10885000E16FC8622648E16F08632648E16F48630C
:108860000020E16F886354F8043C03F12401626D39
:10887000E06F241F2B46F9F767FD38B11020C4F8CC
:1088800090002020C4F88C00012070BD206960B1E8
:1088900000BF00BF216851E8001F41F480702268CA
:1088A00042E800010029F5D100BF00BF00BF2168E8
:1088B000083151E8001F41F001002168083141E80A
:1088C0000002002AF3D100BF00BF00BF21680831B9
:1088D00051E8001F41F040002168083141E80002E2
:1088E000002AF3D100BF0020CFE700004D8200082E
:1088F00001830008EF8100082DE9F04104460D4690
:1089000017469846069E41E0701C00283ED0F9F7B5
:1089100087FEA0EB0800B04200D816B90320BDE8DE
:10892000F0812068006800F0040070B3802D2DD025
:10893000402D2BD02068C069C0F3C00078B108205A
:10894000216808622046FFF721FD0820C4F8900046
:1089500000BF002084F8840000BF0120DFE720680A
:10896000C069C0F3C02080B14FF400602168086284
:108970002046FFF70BFD2020C4F8900000BF002028
:1089800084F8840000BF0320C9E7FFE72068C069BE
:108990002840A84201D1012000E00020B842B3D015
:1089A0000020BCE710B50248FCF764FB10BD0000D6
:1089B000B008002010B50248FCF75CFB10BD0000B9
:1089C0004409002010B50C48006800F0400078B160
:1089D00040200949091D086007481C38006820F03C
:1089E000400005491C39086000210320F8F712F8FF
:1089F0000248FCF73FFB10BD1C480040D80900208E
:108A000000BFFEE70FB4054B10B503A9044A029856
:108A100000F033F810BC5DF814FB0000518B000827
:108A20009C00002002480068C0F30220704700004C
:108A30000CED00E010B5002804DB0A07130E054A10
:108A4000135406E00A07140E034A00F00F031B1F1D
:108A5000D45410BD00E400E018ED00E002E008C8C6
:108A6000121F08C1002AFAD170477047002001E0A8
:108A700001C1121F002AFBD170472DE9F84F99461A
:108A8000924688460546002706E025280AD051462A
:108A90004A4690476D1C7F1C28780028F5D138463F
:108AA000BDE8F88F002315F8011F18462E2915D1AF
:108AB00015F8011F04232A290DD06FF02F02297801
:108AC000A1F13004092C09D800EB800002EB400032
:108AD00008446D1CF3E758F8040B6D1C2A78002A33
:108AE000DDD0632A07D0732A0FD0104651464A467C
:108AF00090477F1C2AE018F8042B8DF800200021F5
:108B00008DF801106E46012103E058F8046B4FF018
:108B1000FF315A074FF0000401D409E0641C84427D
:108B20000BDA8C42FADB325D002AF7D105E0641CD7
:108B30008C42FCDB305D0028F9D1274404E016F8B4
:108B4000010B51464A469047641EF8D26D1CA3E7BC
:108B500038B504460D46E0B200904FF47A73012216
:108B600069460248FCF706FF204638BDB0080020E1
:108B700008B5FAF783FBFEF7B7FEF7F727FD09A064
:108B8000FFF740FF16A019A31BA220A100902048C8
:108B9000FFF738FF1FA0FFF735FFF7F7DBFC00BF3B
:108BA000FEE700000A3D3D3D3D3D3D3D3D3D3D3D37
:108BB0003D3D3D3D3D3D3D3D3D3D3D3D3D3D3D3DE5
:108BC0003D3D3D3D3D3D3D3D3D3D3D3D3D3D3D3DD5
:108BD0003D3D3D3D3D3D3D3D3D3D3D3D3D3D3D0002
:108BE00031313A35333A3534000000004A756E2091
:108BF0003236203230323600536F66742052756C34
:108C000065722050656E64756C756D00322E300093
:108C1000F48C00083D3D3D3D3D3D3D3D3D3D3D3DF0
:108C20003D3D3D3D3D3D3D3D3D3D3D3D3D3D3D3D74
:108C30003D3D3D3D3D3D3D3D3D3D3D3D3D3D3D3D64
:108C40003D3D3D3D3D3D3D3D3D3D3D3D3D3D0A0ABA
:108C5000000000000000260044007000A100D000C9
:108C6000FE0034019201F3018303750567075A0979
:108C70004D0B480D3C0F1E130717EF1AD71EBF22CE
:108C8000B3241C2582008C009600C800FA002C0139
:108C90005E019001F4015802E803DC05D007C40925
:108CA000B80BAC0DA00F88137017581B401F28235A
:108CB0001C257625010002000400060008000A00B9
:108CC0000C001000200040008000000101010103A1
:108CD000070100000804020408010101000000006F
:108CE000000000000102030406070809000000005C
:108CF000010203040A202050656E64756C756D4492
:108D0000726976657246572056257320203B2020D5
:108D1000E68EA7E588B6E5AFB9E8B1A13A2025739C
:108D200020203B2020E7BC96E8AF91E697A5E69C83
:108D30009F3A2025732025732E0A00005C8D0008C1
:108D400000000020A00000005C8A0008FC8D0008E4
:108D5000A0000020701000006C8A000800000000D5
:108D60000000000000000000000000000000000003
:108D7000CDCCCC3F0000000000000000000000004F
:108D800000000000000000000000000000000000E3
:108D900000000000000000000000000000000000D3
:108DA00000000000000000000000000000000000C3
:108DB00000000000000000000000000000000000B3
:108DC00000000000000000000000000000000000A3
:108DD000100000000100000000000200000004007C
:108DE000000008000000100000002000000040000B
:0C8DF000000001000024F400000000005E
:04000005080001D915
:00000001FF
