:020000040800F2
:1000000038110020F10100089973000837670008D3
:1000100095730008BD0A000839910008000000002F
:100020000000000000000000000000007D740008D7
:10003000D90C000800000000F9730008FF7F0008D9
:100040000B0200080B0200080B0200080B0200085C
:100050000B0200080B0200080B0200080B0200084C
:100060000B0200080B0200080B020008910B0008AD
:10007000A10B0008B10B0008C10B0008D10B000850
:10008000E10B00080B0200080B0200080B0200083D
:100090000B0200080B0200080B0200080B0200080C
:1000A0000B0200089D8000080B0200088D800008EC
:1000B000AD8000080B0200080B0200080B020008CC
:1000C0000B0200080B0200080B0200080B020008DC
:1000D0000B020008D5900008E5900008F590000894
:1000E0000B0200080B0200080B0200080B020008BC
:1000F0000B0200080B0200080B0200080B020008AC
:100100000B0200080B0200080B0200080B0200089B
:1001100051860008958600080B0200080B020008B3
:10012000010C0008110C0008210C00080B0200084B
:100130000B0200080B0200080B0200080B0200086B
:100140000B0200080B0200080B020008F15D00081A
:10015000015E0008115E00080B0200080B02000897
:100160000B0200080B0200080B0200080B0200083B
:100170000B0200080B0200080B0200080B0200082B
:100180000B0200080B0200080B0200080B0200081B
:100190000B020008000000000B0200080B02000820
:1001A0000B0200080B0200080B0200080B020008FB
:1001B0000B0200080B0200080B0200080B020008EB
:1001C000F10B00080B0200080B0200080B020008EC
:1001D0000B0200080B020008DFF810D000F070FAE4
:1001E00000480047B99B0008AFF300803811002099
:1001F0000648804706480047FEE7FEE7FEE7FEE7C1
:10020000FEE7FEE7FEE7FEE7FEE7FEE7798000088F
:10021000D90100082DE9F05F0546002092469B4673
:1002200088460646814640241BE02846414647460C
:10023000224600F07CF853465A46C01A914110D32A
:1002400011461846224600F063F82D1A67EB0108A4
:100250004F4622460120002100F05AF817EB000912
:100260004E41201EA4F10104DFDC484631462A46F7
:100270004346BDE8F09F40EA01039B0703D009E035
:1002800008C9121F08C0042AFAD203E011F8013B82
:1002900000F8013B521EF9D27047D2B201E000F8DB
:1002A000012B491EFBD270470022F6E710B513461A
:1002B0000A4604461946FFF7F0FF204610BD00F03D
:1002C000004230F000400AD0C10D01F56071C0F36A
:1002D000160042EA0151C20840071143704700204E
:1002E0000146704730B50B4601460020202201240C
:1002F00009E021FA02F59D4205D303FA02F5491BF4
:1003000004FA02F52844151EA2F10102F1DC30BD09
:10031000202A04DB203A00FA02F1002070479140C5
:10032000C2F1200320FA03F3194390407047202ABA
:1003300004DB203A21FA02F00021704721FA02F38F
:10034000D040C2F1200291400843194670472DE980
:10035000FE4F804681EA0300C00F0C46009021F05A
:10036000004123F00045B8EB0200A94105D2404608
:10037000214690461C460B46024623F0004010439F
:1003800047D0270DC7F30A00C3F30A510290401A61
:10039000019040286BDAC3F3130040F4801B0098EF
:1003A000924620B10023D2EB030A63EB0B0B0198BA
:1003B0005946C0F140025046FFF7AAFF06460D46D7
:1003C00050465946019A00F08DF910EB0800614142
:1003D000002487EA115284EAE7731A4340D0009A56
:1003E00062B3019A012A4FEA075215DC001B61EB48
:1003F00002014FF0004202EA0752CDE90042001C20
:1004000041F5801132462B4600F08DF903B0BDE86E
:10041000F08F40462146F9E7001B61EB0201001C0A
:1004200041F5801300185B412018A2F5001747EB37
:10043000030140EAD570B6196D4111E06D084FEA2D
:10044000360645EAC0754FEA0752001B61EB020110
:10045000001C41F5801149084FEA30000019514154
:1004600032462B4603B0BDE8F04F00F04DB900987E
:10047000012240000023D0EB020263EBE0730098FE
:1004800021464FEAE074B8EB000061EB0401E9E7B4
:1004900083F000435BE781F0004158E72DE9FE4F10
:1004A00081EA030404F0004421F0004100944FF07D
:1004B000000B23F0004350EA01045ED052EA03042B
:1004C0005BD0C3F30A54C1F30A552C44A4F2F334AD
:1004D0000194A0FB0254C1F3130141F48011C3F352
:1004E000130343F4801301FB024400FB034E840A10
:1004F000970A44EA815447EA8357A4FB07680295A8
:100500008D0A05FB07854FEA932C04FB0C54270545
:10051000029D4FEA065847EA1637B5EB08056EEB21
:10052000070C870E920E47EA811742EA8312A7FB57
:100530000201B6EB0B0164EB00042B0D43EA0C3314
:100540005E1844EB1C50DA465146E7FB0201C5F346
:1005500013044FEA0B3343EA14534FEA0432019C6D
:1005600043EA0603A4F10C040294009CCDE900B414
:1005700000F0D9F803B0BDE8F08F00200146F9E79C
:100580002DE9F04D81EA030404F0004B21F0004511
:1005900014464FF0000A23F0004150EA050220D033
:1005A00054EA01021DD0C5F30A570246C5F31303EE
:1005B000C1F31300C1F30A5640F4801543F48013CD
:1005C000A7EB0608101BD64608F2FD3873EB0500B2
:1005D00002D308F1010801E092185B41B8F1000F65
:1005E00003DA00200146BDE8F08D00204FF48011B1
:1005F000064684460EE0171B73EB050705D3121B56
:1006000063EB050306434CEA010C49084FEA30004E
:1006100092185B4150EA0107EDD152EA030012D073
:1006200082EA040083EA0501084305D0101BAB41B0
:1006300006D20122002306E000224FF0004302E030
:100640006FF0010253101AEB06004CEB085110EB4F
:100650000A0041EB0B01BDE8F04D00F055B8C1F3C5
:100660000A52C1F3130140F2FF3341F480119A4260
:1006700002DA00200146704740F233439A42A2F268
:10068000334202DC5242FFF752BEFFF741BE000088
:1006900030B5041E71F1000404DB4FF00044404209
:1006A00064EB0101141E73F1000405DB1C464FF0DE
:1006B0000043524263EB0403994208BF904230BDAD
:1006C000064C074D06E0E06840F0010394E807009F
:1006D00098471034AC42F6D3FFF782FDE09D000846
:1006E000009E0008202A06DBCB17203A41FA02F0D0
:1006F00043EAE07306E041FA02F3D040C2F120027F
:10070000914008431946704710B5141E73F1000458
:1007100008DA401C41F1000192185B411A4301D1F3
:1007200020F0010010BD2DE9F04D92469B4611B11D
:10073000B1FA81F202E0B0FA80F220329046FFF77F
:10074000E7FD04460F4640EA0A0041EA0B01534622
:100750005A46084313D0114653EA010019D0C8F194
:1007600040025046FFF7E3FD05460E465046594607
:100770004246FFF7CDFD084305D0012004E02046A6
:100780003946BDE8F08D0020054346EAE0762C436B
:1007900037430A986305E40AA0EB08000022FD0A2B
:1007A00044EA47540A3002D500200146E9E7010532
:1007B00010196941DDE9084500196941BDE8F04DAE
:1007C000A2E770B50546AC6AE06D00F0500098BB3A
:1007D000E06D40F40070E0652068006800F00800FB
:1007E000A8B1206805F0E8FF10B32068C06800F4E5
:1007F0000050E8B9E06D20F48070E065E06D00F431
:100800008050A8B9E06D40F00100E06510E020687C
:10081000C06800F0020058B9E06D20F48070E06517
:10082000E06D00F4805018B9E06D40F00100E06523
:10083000204601F01FF90CE0FFE7E06D00F010002A
:1008400018B1204601F018F903E0606D416B2846AD
:10085000884770BD70B50546AC6AE06D40F0400059
:10086000E065206E40F004002066204601F004F9A7
:1008700070BD70B50446A56A284601F0FCF870BD4D
:1008800070B50446206805F079FF0646206805F03B
:100890007AFF98B396BB2068806800F00D000128AD
:1008A0000AD1206881681A4A1140891C816000BF02
:1008B00003202168086009E0E06D40F01000E06569
:1008C000206E40F001002066012070BD01F09EFF07
:1008D000054614E001F09AFF401B02280FD920685A
:1008E000806800F0010050B1E06D40F01000E0655C
:1008F000206E40F0010020660120E6E705E0206858
:10090000806800F001000028E4D10020DDE700004D
:10091000C0FFFF7F38B5044600200090206805F036
:1009200032FF002858D1206880682C49084048B11F
:10093000E06D40F01000E065206E40F001002066A0
:10094000012038BD206805F0F9FE2168B1F1A04F03
:1009500003D0234A2168914201D1224900E0224973
:10096000084605F0F3FE00F4000080B11F4800685F
:100970001F49B0FBF1F0401C00EB400080000090EC
:1009800002E00098401E009000980028F9D101F084
:100990003DFF05461AE0206805F0F5FE10B9206815
:1009A00005F0CCFE01F032FF401B02280ED9206872
:1009B000006800F0010048B9E06D40F01000E0650B
:1009C000206E40F0010020660120BAE72068006830
:1009D00000F001000028DED00020B2E73F000080D8
:1009E000000100500003005000070050900000205C
:1009F000400D030090B006F055FF00BF0FA807F0B0
:100A0000E1FA00B1FAE7BDF93C0007F0FDF800B1EA
:100A1000F4E701A806F096FF18B10EA008F03AFC22
:100A2000ECE7BDF80400ADF82000029809900398A7
:100A30000A9004980B9005980C9006980D900798D2
:100A40000E9008A807F052FA18B107A008F022FC8F
:100A5000D4E7D3E7E58F8DE9A688E8AFBBE58F96AD
:100A6000E5A4B1E8B4A50A00E7BB84E5B8A7E5A40E
:100A7000B1E8B4A5EFBC815C6E0000002DE9F04147
:100A800004460D4604B115B90020BDE8F08100BF51
:100A9000EFF31080074672B62A462146034801F05C
:100AA00055FB064607B962B6B0B2EEE71C0300205C
:100AB00010B50446204601F0A9FD10BD00BFFEE7B9
:100AC00070B503460C4600210BE04800401C34F88A
:100AD00010004E0034F8166040EA06401E68306090
:100AE000491CB1EB520FF0D302F0010020B11D6898
:100AF000480034F8100028801868006870BDF0B510
:100B000004460B46002113E013F821000706880075
:100B1000401C185C47EA00478800801C185C47EAC4
:100B200000208F00FF1CDF5D384327683860491CB8
:100B3000B1EB920FE8D302F0030030B302F00300F0
:100B4000012803D113F821002768387002F0030050
:100B5000022808D18800401C185C13F8217040EA74
:100B600007252668358002F0030003280DD1880090
:100B7000401C185C13F8217040EA07252668358070
:100B80008800801C185C2768387020680068F0BDF9
:100B900010B5024801F0F1FB10BD0000FC0100207F
:100BA00010B5024801F0E9FB10BD00005C02002016
:100BB00010B5024801F0E1FB10BD0000540B00200D
:100BC00010B5024801F0D9FB10BD0000B40B0020A5
:100BD00010B5024801F0D1FB10BD0000BC0200209E
:100BE00010B5024801F0C9FB10BD0000740C0020D4
:100BF00010B5024801F0C1FB10BD0000140C00202C
:100C000010B5024801F0B9FB10BD0000D40C002063
:100C100010B5024801F0B1FB10BD0000940A00209D
:100C200010B5024801F0A9FB10BD0000F40A002035
:100C300030B50E4D0468AC4201D20D4901E00C49BB
:100C400020310B460478083C1425B4FBF5F2446CC3
:100C5000A40803EB84048464054C8034C46402F06B
:100C60001F050124AC40046530BD000008040240AB
:100C70000008024001794A1E064B03EB82024265DE
:100C8000044A403282654A1E02F01F0301229A4044
:100C9000C26570470009024030B5D0E913546C605A
:100CA000446D14B1D0E916546C6090F8444004F0DF
:100CB0001F050124AC40056C6C60046863608468A7
:100CC000102C04D10468A2600468E16003E00468A9
:100CD000A1600468E26030BD70470000014609B9B8
:100CE00001207047044802680A804FF6FF7000EA4E
:100CF000124048800020F4E70C00002004490988D5
:100D0000044A128841EA0240034908607047000023
:100D100004000020060000200C00002070B50446EE
:100D20000D460DB1012000E000200646032C04D042
:100D3000042C08D0052C14D10CE0324610210A48AE
:100D400001F05EFD0EE032464FF40071064801F0FE
:100D500057FD07E032464FF40051044801F050FDC2
:100D600000E000BF00BF70BD00040048000800485C
:100D700010B5044601212046FFF7D0FF032C04D014
:100D8000042C0DD0052C1FD115E01148006840F04F
:100D900040000F49086002200D492831086014E026
:100DA0000C48006840F040000A49086002200949E8
:100DB0002831086009E00848006840F04000064912
:100DC00008600220886200E000BF00BF10BD000084
:100DD00000480040004C0040005000402DE9F04128
:100DE0000746384600F028FA0646384600F03AFA38
:100DF00004460EB1032C01D3BDE8F081F569064825
:100E000000EB04104560044901EB0410294600F092
:100E1000E7F900BFF0E70000E40400202DE9F04707
:100E200081460E461746484600F006FA8046484678
:100E300000F018FA0446B8F1000F01D0032C01D3DA
:100E4000BDE8F087D8F81C50094800EB0410056095
:100E5000074800EB04108681054800EB04108773F7
:100E6000034901EB0410294600F0BAF900BFE7E797
:100E7000E40400202DE9FF4105460026284600F045
:100E8000F1F904460FF2E808032C01D3BDE8FF8115
:100E9000032D04D0042D04D0052D06D103E0354EDA
:100EA00004E0354E02E0354E00E0EFE700BF344885
:100EB00000EB041000680090314800EB041040681B
:100EC00001902F4800EB0410806802902C4800EB42
:100ED00004108089ADF80C00294800EB0410807BD9
:100EE0008DF80E009DF80E00012802D10FF2940833
:100EF00005E09DF80E00022801D10FF2900830683D
:100F0000C76923A008F0C6F900991FA000F072F984
:100F1000BDF80C10424626A008F0BCF9019928A0A3
:100F200000F068F9029929A000F064F9394629A077
:100F300000F060F929A008F0ADF90020104901EB9C
:100F4000041108600E4901EB041148600C4901EBE3
:100F5000041188600A4901EB04118881084901EBFA
:100F6000041188730F203168086200BF8EE700000B
:100F70003F000000000A0020B007002044080020C5
:100F8000E404002049444C450000000054430000A4
:100F90000D0A2055415254E7A1ACE4BBB6E9948157
:100FA000E5AD983A2052784576656E7400000000F1
:100FB0002053697A653D25752045763D25730000EF
:100FC00020497271456E7472790000002053746973
:100FD000636B790020E5BD93E5898D000D0A000063
:100FE00010B504460CB9012010BD2346024A03493E
:100FF000034800F0B3F8F7E73400002014050020A0
:101000003800002010B504460CB9012010BD23465D
:10101000024A0349034800F0A1F8F7E73600002030
:101020002C0500204800002010B504462CB90022F1
:101030004021054801F0E4FB04E001224021024880
:1010400001F0DEFB10BD00000004004810B50446AE
:101050002CB101222021064801F0D2FB07E000223A
:101060002021034801F0CCFB00200249087010BD8C
:10107000000400481A000020014642F2107081422C
:1010800001D901207047034801800120024A1070F5
:101090000020F7E7180000201A000020FEB50746E0
:1010A0000C46154607B10CB90120FEBD0E4808F0EC
:1010B0007CF808B10120F8E769460B4808F083F88E
:1010C00008B10120F1E7BDF80060A64200DD264628
:1010D00032460DF102013846FFF7CDF815B1BDF8E3
:1010E000000028800020E0E74E07002070B504468D
:1010F0000D46002604B10DB9012070BD2A462146D7
:10110000044804F023FE06460EB10120F5E7002056
:10111000F3E700006C09002010B504460CB901206B
:1011200010BD2346024A0349034800F017F8F7E7C9
:101130003500002044050020400000200168491CC3
:10114000016000BF00BF704700BF00BF03685B1CA9
:10115000036000BF00BF0A70704700002DE9F04136
:1011600004460E4617461D464FF0000821E0397828
:10117000022900D3002154F8212002F0010000B11F
:1011800015E001EB410006EB8000D0F800C0C5F887
:1011900000C0D0F804C0C5F804C08068A86054F846
:1011A00021309A4202D10020BDE8F08100BF08F151
:1011B0000108B8F1080FDAD304A008F06BF800209A
:1011C00028606860A8600320EEE70000E5BA95E5B6
:1011D000B182E9878DE8AF95E8B685E697B60A0053
:1011E00001F00F0222B1826801F00F031A438260FE
:1011F000704700007CB505460C4604F00100C4F3BE
:101200004001C4F38003C4F3C002CDE900102946B5
:1012100001A008F03FF87CBD2025735B4F52453D8F
:101220002575204E453D25752046453D25752050A8
:10123000453D25755D0000000146032904D00429C1
:1012400004D0052906D103E0034870470348FCE7B2
:101250000348FAE70020F8E700480040004C00404F
:10126000005000400146032904D0042904D0052978
:1012700006D103E0002070470120FCE70220FAE7D6
:10128000FF20F8E772B602E001A008F003F8FBE7E0
:101290006572720A00000000F8B504460D46002091
:1012A000009000BF94F85800012801D10220F8BD39
:1012B000012084F8580000BF2046FFF7E1FA0646F7
:1012C0008EBBE06D20F4885040F00200E06520689D
:1012D00081681B4A114005F0804242F000421143F0
:1012E000816000BF13E00098401C009015490098F1
:1012F00088420CD3E06D20F0020040F01000E06561
:1013000000BF002084F8580000BF0120CFE720680C
:101310008168C90F0029E6D1E06D20F0020040F09D
:101320000100E06504E0FFE7E06D40F01000E065DB
:1013300000BF002084F8580000BF3046B7E7000027
:10134000C0FFFF3F02DE04002DE9F0439BB00446DE
:101350000E464FF00008306800B100BF00BF94F89F
:101360005800012803D102201BB0BDE8F083012002
:1013700084F8580000BF0020179018902068B0F142
:10138000A04F02D15848009008E058492068884290
:1013900002D15748009001E000200090009850B919
:1013A000E06D40F02000E06500BF002084F85800A8
:1013B00000BF0120D8E7009805F0F9F9074620683A
:1013C00005F0F5F900287DD1002F7FD12068B0F11C
:1013D000A04F03D044492068884201D1454800E02D
:1013E000454805463068D8B394F83800716841EA3A
:1013F0004030A96821F460410843A8602068B0F13A
:10140000A04F03D038492068884201D1394800E014
:101410003948384988420AD14FF0A04005F0B8F960
:101420008146314805F0B4F949EA00000DE02F4843
:1014300005F0AEF981462E4805F0AAF949EA0009FF
:101440002E4805F0A5F949EA0000E0BBB168306814
:101450000843A96840F61F7291430843A8603BE027
:10146000FFE7A86820F46040A8602068B0F1A04FB2
:1014700003D01D492068884201D11E4800E01E4863
:101480001C4988420AD14FF0A04005F081F98146FD
:10149000154805F07DF949EA00000DE0134805F014
:1014A00077F98146124805F073F949EA00091348B3
:1014B00005F06EF949EA000028B9A86840F61F71E6
:1014C000884301E002E007E0A86005E0E06D40F03D
:1014D0002000E0654FF0010800BF002084F85800AC
:1014E00000BF404640E700000001005000040050EB
:1014F0000005005000030050000700500006005097
:101500002DE9F84F05460C464FF0000A00200090E8
:10151000FE49E068884200D000E000BF00BF95F8B7
:101520005800012802D10220BDE8F88F012085F87B
:10153000580000BF286805F035F900287DD12968DA
:10154000D4E9002001F1300CC0F3012B0CEB8B032C
:10155000D3F800C000F01F0E4FF01F0B0BFA0EFB6C
:101560002CEA0B0C00F01F0BC2F3846E0EFA0BFE7C
:101570004CEA0E0CC3F800C000BF286805F012F951
:101580008146286805F0F5F88046B9F1000F64D16E
:10159000B8F1000FFBD1A068B0F1004F0AD121686B
:1015A0000022286805F01AF94FF00041286805F07C
:1015B0003AF908E0A2682168286805F00FF90021CF
:1015C000286805F030F960692968C968C1F3C1016C
:1015D000490000FA01F7206904283FD028682268F2
:1015E000216900F1600C0CEB8103D3F800C0DFF837
:1015F00020B30CEA0B0C02F0F84B4BF0004B4BEA1B
:10160000070B4CEA0B0CC3F800C000BF2868A269A6
:10161000216900F1600C0CEB8103D3F800C02CF0C1
:10162000807C4CEA020CC3F800C000BF2868227F0F
:101630002169012A02D1520601E0F6E10022134697
:1016400000F1600C0CEB8102D2F800C02CF0007CA1
:101650004CEA030CC2F800C000BFA7E000212868D4
:1016600005F07EF8C0F3120030B90021286805F0BB
:1016700077F8C0F3846007E00021286805F070F86F
:1016800090FAA0F0B0FA80F02168C1F3120119B904
:101690002168C1F3846104E0216891FAA1F1B1FAF3
:1016A00081F1884204D100221146286805F0B0F883
:1016B0000121286805F054F8C0F3120030B9012167
:1016C000286805F04DF8C0F3846007E00121286820
:1016D00005F046F890FAA0F0B0FA80F02168C1F366
:1016E000120119B92168C1F3846104E0216891FAFB
:1016F000A1F1B1FA81F1884204D1002201212868C8
:1017000005F086F80221286805F02AF8C0F31200D7
:1017100030B90221286805F023F8C0F3846007E09F
:101720000221286805F01CF890FAA0F0B0FA80F0C9
:101730002168C1F3120119B92168C1F3846104E081
:10174000216891FAA1F1B1FA81F1884204D1002215
:101750000221286805F05CF80321286805F000F8EC
:10176000C0F3120030B90321286804F0F9FFC0F378
:10177000846007E00321286804F0F2FF90FAA0F0EB
:10178000B0FA80F02168C1F3120119B92168C1F3E0
:10179000846104E0216891FAA1F1B1FA81F18842F3
:1017A00004D100220321286805F032F8286804F0EB
:1017B000EAFF002870D12868E2682168D0F8B0C03C
:1017C000C1F312032CEA030C02F0180B514B23FA5D
:1017D0000BF30B404CEA030CC0F8B0C000BF4B4900
:1017E000E068884258D12368C3F312031BB9236809
:1017F000C3F3846304E0236893FAA3F3B3FA83F397
:101800005B1C03F01F03092B3ED82368C3F31203AC
:101810001BB92368C3F3846304E0236893FAA3F33A
:10182000B3FA83F35B1C03F01F034FF0010C0CFAB7
:1018300003FC2368C3F312031BB92368C3F3846357
:1018400004E0236893FAA3F3B3FA83F35B1C03F079
:101850001F034CEA836C2368C3F312031BB923688C
:10186000C3F3846304E0236893FAA3F3B3FA83F326
:101870005B1C03F01F0303EB43034FF0000B4BEA29
:1018800003534CEA03033FE02368C3F3120323B975
:101890002368C3F3846305E042E0236893FAA3F36B
:1018A000B3FA83F35B1C03F01F034FF0010C0CFA37
:1018B00003FC2368C3F312031BB92368C3F38463D7
:1018C00004E0236893FAA3F3B3FA83F35B1C03F0F9
:1018D0001F034CEA836C2368C3F312031BB923680C
:1018E000C3F3846304E0236893FAA3F3B3FA83F3A6
:1018F0005B1C03F01F030A3B03EB43034FF0007B29
:101900004BEA03534CEA0303194605E000007F400D
:1019100000F0FF03FFFF0700A268286804F05EFFE5
:10192000484920680840002842D02968B1F1A04FFA
:1019300003D0454A2968914201D1444900E0444915
:10194000084604F003FF064642492068884203D057
:101950004149206888422CD106F4000048BB286821
:10196000B0F1A04F03D03D492868884263D12A686E
:10197000B2F1A04F03D0344B2A689A4201D1334AC6
:1019800000E0334A104646F4000104F03BFF3448BF
:1019900000683449B0FBF1F0401C00EB40008000CF
:1019A000009002E00098401E009000980028F9D1B5
:1019B00041E02D49206888421BD106F08070C0B9F3
:1019C00021492868884203D128492868884232D0B2
:1019D0002A68B2F1A04F03D01B4B2A689A4201D16A
:1019E0001A4A00E01A4A104646F0807104F00AFFD5
:1019F00021E01F49206888421DD106F48000D0B93B
:101A000011492868884216D02A68B2F1A04F03D045
:101A10000B462A689A4201D10C4A00E00C4A104653
:101A200046F4800104F0EEFE05E0E86D40F0200091
:101A3000E8654FF0010A00BF002085F8580000BF9C
:101A4000504671E50000088000010050000300507E
:101A500000070050000021C31000C0900006005095
:101A600090000020400D0300000052C70005005008
:101A7000000084CB70477047704700002DE9F843A1
:101A800004464FF000080020009014B90120BDE882
:101A9000F883606920B194F82400012800D100BFC8
:101AA000E06D30B9204600F045F90020206684F84A
:101AB000580020688168C1F3407131B120688168A5
:101AC000914A1140816000BF00BF206804F065FEAC
:101AD000B0B9206881688D4A114041F08051816021
:101AE00000BF8B4800688B49B0FBF1F0401C400000
:101AF000009002E00098401E009000980028F9D164
:101B0000206804F04AFE48B9E06D40F01000E0653E
:101B1000206E40F0010020664FF00108206804F0BC
:101B200041FE0646E06D00F0100000287ED1002E38
:101B3000FCD1E06D20F4807040F00200E065206888
:101B400004F021FE88BB2068B0F1A04F03D0724999
:101B50002068884201D1714800E071486F4988428D
:101B60000AD14FF0A04004F00EFE81466A4804F00E
:101B70000AFE49EA00000DE06A4804F004FE8146CE
:101B8000694804F000FE49EA0009684804F0FBFDDA
:101B900049EA000048B92268B2F1A04F03D05E4B79
:101BA00022689A4202D15D4A01E009E05C4A10468F
:101BB0006168826822F47C120A43826000BF00BF21
:101BC000607FE16B41EA4030E1680843A168084367
:101BD00094F8241040EA014594F82400012803D128
:101BE000208D401E45EA4045E06A28B1A08D00F4F2
:101BF0007870216B084305432068C0684C49084051
:101C000028432168C8602068006920F04060616B4B
:101C1000084321680861206804F0ABFD0746EEBB6D
:101C2000E7BB207F002141EA803100E064E094F8C6
:101C3000380041EA40052068C06844F20201884348
:101C400028432168C860206980B12068006940F499
:101C50008030216808612068D0F8C0006FF30D0063
:101C6000216908432168C1F8C0000DE020680069BF
:101C700020F48030216808612068D0F8C0006FF33C
:101C80000D002168C1F8C00094F84000012813D16C
:101C9000606C40F00101A06C084300E012E0E16CD0
:101CA0000843216D08432168096940F2FC729143A1
:101CB00008432168086105E02068006920F0010000
:101CC000216808616069012809D12068006B20F053
:101CD0000F00216A491E08432168086305E0206857
:101CE000006B20F00F0021680863E06D20F0020017
:101CF00040F00100E06505E0E06D40F01000E065B7
:101D00004FF001084046C2E6C0FFFF5FC0FFFF7F03
:101D100090000020400D030000010050000300501F
:101D2000000700500004005000050050000600505D
:101D30000740F0FF10B59CB00446142117A8FEF729
:101D4000B3FA542102A8FEF7AFFA2068B0F1A04F11
:101D500057D14FF4004002908003139002A801F085
:101D6000E5FC08B1FFF78EFA7D480068401C7C490D
:101D700008600846006801280DD100BF7948C06C92
:101D800040F400507749C8640846C06C00F4005025
:101D9000019000BF00BF00BF7248C06C40F001005E
:101DA0007049C8640846C06C00F00100019000BF93
:101DB00000BF01201790032018900020199017A948
:101DC0004FF0904000F036FC6748684908600520F5
:101DD0004860002165488160C1608021016149003F
:101DE0004161890081612021C161C901016200F066
:101DF00043FB08B1FFF746FA00BF5C4860658462A8
:101E0000ACE05B492068884257D1C0010290800352
:101E1000139002A801F08AFC08B1FFF733FA50488A
:101E20000068401C4E4908600846006801280DD132
:101E300000BF4C48C06C40F400504A49C864084692
:101E4000C06C00F40050019000BF00BF00BF4548C7
:101E5000C06C40F001004349C8640846C06C00F003
:101E60000100019000BF00BF0220179003201890CE
:101E70000020199017A94FF0904000F0DBFB3A4882
:101E800014303C49086024204860002139488160B2
:101E9000C160802101614900416189008161202187
:101EA000C161C901016200F0E7FA08B1FFF7EAF980
:101EB00000BF30486065846250E02F492068884246
:101EC0004CD180010290C003149002A801F02EFCB6
:101ED00008B1FFF7D7F900BF2248C06C40F480403A
:101EE0002049C8640846C06C00F48040019000BFDF
:101EF00000BF00BF0846C06C40F00200C86408463E
:101F0000C06C00F00200019000BF00BF02201790DB
:101F1000032018900020199017A9184800F08AFB98
:101F200011485030164908602520486000211448A7
:101F30008160C16080210161490041618900816146
:101F40002021C161C901016200F096FA08B1FFF7D2
:101F500099F900BF0A486065846200BF1CB010BDDB
:101F6000140000200010024008000240FC01002084
:101F7000000100505C0200200004005000040048F2
:101F8000BC0200202DE9F04104460F46904621682E
:101F9000B1F1A04F03D0484A2168914201D147498D
:101FA00000E04749084604F0D6FB0646206804F0E6
:101FB000F9FB00287CD100BF94F85800012802D119
:101FC0000220BDE8F081012084F8580000BF3D499F
:101FD0002068884201D1012000E0002020B91EB114
:101FE000052E01D0092E5DD12046FEF793FC054653
:101FF000002D52D1E06D40F60161884340F48070BD
:10200000E0652D492068884202D14FF0A04006E0EB
:102010002D492068884201D12C4800E020682168C1
:10202000884200D01EB9E06D20F48010E065E06DBC
:1020300000F4805020B1206E20F00600206601E000
:10204000002020662248616DC8622248616D0863E5
:102050002148616D48631C202168086000BF002092
:1020600084F8580000BF2068406840F010002168E4
:1020700048602068C06840F001002168C86022689C
:1020800002F1400143463A46606D00F05DFA0546B4
:10209000206804F09BFB0CE00AE000BF002084F8FD
:1020A000580006E0012500BF002084F8580000E039
:1020B0000225284685E7000000010050000300507B
:1020C00000070050000600500005005000040050BA
:1020D000C3070008730800085508000870B50346D8
:1020E0000C4600201F2104F001050DB9012022E05B
:1020F00000BF0D1EA1F1010106D001F01F06012550
:10210000B5402540002DF4D08AB1082A0BD0102A02
:1021100005D0182A0CD1072900D301200AE008298C
:1021200000D3012006E0102900D3012002E001E0E5
:10213000012000BF00BF40B91D686C611D68AD681B
:1021400025F0180515431E68B56070BD2DE9F041F6
:1021500004460E4617464FF00008022060772068BC
:10216000806840F0010021688860206A012810D052
:10217000022815D003281AD1002504E056F82500BE
:10218000216808606D1CBD42F8D32068D0F800803B
:102190000EE03A4631462046FEF7B1FC804607E0A5
:1021A0003A4631462046FEF78BFC804600E000BFF1
:1021B00000BF012060774046BDE8F08110B50446BD
:1021C0000CB9012010BD607F20B900202077204687
:1021D00000F036F802206077207948B91748216866
:1021E00048612068806820F018002168886007E056
:1021F0002046D4E90212FFF771FF08B10120E1E7A0
:10220000607920B94FF0FF302168086102E0216851
:10221000206908612068806820F0600061690843D7
:10222000216888602068806820F08000A1690843E8
:1022300021688860012060770020C3E7B71DC104D2
:1022400008B5094A016891420DD100BF0749896C60
:1022500041F48051054A91641146896C01F4805122
:10226000009100BF00BF08BD0030024000100240D6
:102270000146002091F82520022A03D00422CA63D7
:10228000012027E00A68126822F00E020B681A602B
:102290008A6C126822F480728B6C1A600A68126869
:1022A00022F001020B681A6091F8442002F01F032B
:1022B00001229A400B6C5A60D1E913325A604A6D80
:1022C00042B14A6D126822F480724B6D1A60D1E9F6
:1022D00016325A60012281F8252000BF002281F8C1
:1022E000242000BF704770B50446002594F82500EF
:1022F00002280BD00420E063012084F8250000BFF1
:10230000002084F8240000BF012534E02068006824
:1023100020F00E00216808602068006820F00100AD
:1023200021680860A06C006820F48070A16C0860CF
:1023300094F8440000F01F0101208840216C48609F
:10234000D4E913104860606D40B1606D006820F4FE
:102350008070616D0860D4E916104860012084F82F
:10236000250000BF002084F8240000BFA06B10B13E
:102370002046A16B8847284670BD70B50446206C86
:1023800005682068066894F8440000F01F010420E6
:1023900088402840E0B106F00400C8B12068006819
:1023A00000F0200028B92068006820F004002168AF
:1023B000086094F8440000F01F0104208840216C5C
:1023C0004860206B002856D02046216B884752E099
:1023D00094F8440000F01F0102208840284018B300
:1023E00006F0020000B32068006800F0200040B949
:1023F0002068006820F00A0021680860012084F845
:10240000250094F8440000F01F0102208840216C50
:10241000486000BF002084F8240000BFE06A50B389
:102420002046E16A884726E094F8440000F01F0146
:10243000082088402840F0B106F00800D8B1206894
:10244000006820F00E002168086094F8440000F055
:102450001F0101208840216C48600120E06384F85E
:10246000250000BF002084F8240000BF606B10B17D
:102470002046616B884770BD70B504460CB90120D9
:1024800070BD2F49206888420BD22E492068401A1F
:102490001421B0FBF1F0800060642A480838206401
:1024A0000AE027492068401A1421B0FBF1F08000AF
:1024B0006064234808382064022084F825002068DE
:1024C000056847F6F0708543D4E9020108432169A5
:1024D000084361690843A1690843E1690843216A27
:1024E00008430543206805602046FEF7A1FBA0686D
:1024F000B0F5804F01D1002060602079A16C0860A8
:10250000D4E913104860606860B16068042809D895
:102510002046FEF7AFFB0020616D0860D4E916107D
:10252000486003E000206065A065E0650020E0638E
:10253000012084F82500002084F8240000BF9FE7D4
:1025400008040240080002402DE9F04104460D460F
:1025500016461F464FF0000800BF94F824000128DB
:1025600002D10220BDE8F081012084F8240000BFE0
:1025700094F8250001283FD1022084F8250000208E
:10258000E0632068006820F00100216808603B4695
:10259000324629462046FEF77FFB206B30B120688B
:1025A000006840F00E00216808600BE020680068B9
:1025B00020F00400216808602068006840F00A00EC
:1025C00021680860A06C006800F4803028B1A06C1D
:1025D000006840F48070A16C0860606D28B1606D87
:1025E000006840F48070616D08602068006840F009
:1025F00001002168086006E000BF002084F8240084
:1026000000BF4FF002084046ACE7000070B504463A
:1026100000F0FCF806462546681C10B10448006826
:10262000054400BF00F0F2F8801BA842FAD370BD49
:102630007000002078B502460B460021CAE0012652
:102640008E401D6805EA0604002C73D01D7905F044
:102650000305012D04D01D7905F00305022D13D1CA
:1026600090684E000325B540A8434E00DD68B54094
:1026700028439060506801258D40A8431D79C5F31B
:1026800000158D40284350601D7905F00305032D8A
:1026900009D0D0684E000325B540A8434E009D6880
:1026A000B5402843D0601D7905F00305022D13D1F4
:1026B000CE0802F1200555F826004D07EE0E0F2535
:1026C000B540A8434E07F60E1D69B5402843CE0815
:1026D00002F1200545F8260010684E000325B5409C
:1026E000A8431D7905F003054E00B540284310604E
:1026F0005D6805F44035002D6BD000BF384D2D6E60
:1027000045F00105364E356635462D6E05F001055E
:10271000009500BF00BF4FEAB6358E0855F8260079
:102720008D072E0F0F25B540A843B2F1904F02D16F
:1027300000251AE04DE02B4DAA4201D1012514E0FD
:10274000294DAA4201D102250FE0284DAA4201D10C
:1027500003250AE0264DAA4201D1042505E0254DB6
:10276000AA4201D1052500E006258E07360FB540A7
:102770002843214D8E0845F82600204D2868A043A7
:102780005D6805F4801505B120431C4D28602D1DA2
:102790002868A0435D6805F4001505B12043174D76
:1027A0002D1D2860154D2D1F2868A0435D6805F478
:1027B000003505B12043114D2D1F28602D1F2868BD
:1027C000A0435D6805F4803505B120430B4D083DFD
:1027D0002860491C1D68CD40002D7FF430AF78BDC6
:1027E000001002400004004800080048000C0048A7
:1027F000001000480014004808000140080401408F
:102800000AB1816100E08162704700000148006800
:10281000704700006800002010B5034693F8DD0003
:10282000022800D110BD00BF93F8DC00012801D1BF
:102830000220F7E7012083F8DC0000BF022083F8C4
:10284000DD00202945D00CDC042927D004DC012937
:1028500012D002296AD118E0082928D0102965D1A0
:102860002EE040293ED0802945D0B1F5807F4BD065
:10287000B1F5007F5AD150E01868D0F8000462F337
:1028800004001C68C4F8000459E01868D0F800047B
:1028900062F38A101C68C4F8000450E01868D0F88D
:1028A000000462F310301C68C4F8000447E01868A4
:1028B000D0F8000462F396401C68C4F800043EE0BF
:1028C0001868D0F8000462F31C601C68C4F80004A7
:1028D00035E01868D0F8040462F304001C68C4F8FA
:1028E00004042CE01868D0F8040462F38A101C6811
:1028F000C4F8040423E01868D0F8040462F310302C
:102900001C68C4F804041AE01868D0F8040462F3E0
:1029100096401C68C4F8040411E01868D0F8040458
:1029200062F31C601C68C4F8040408E0072083F804
:10293000DD0000BF002083F8DC0000BF00BF00BF47
:1029400093F8DD00072801D101206BE7012083F80F
:10295000DD0000BF002083F8DC0000BF00BF61E79E
:10296000F0B503460D4693F8DD00022800D1F0BD16
:1029700000BF93F8DC00012801D10220F7E7012015
:1029800083F8DC0000BF022083F8DD001868D0F86F
:1029900080431868D0F8FC13202D63D00CDC042D84
:1029A0002DD004DC012D12D0022D77D11AE0082D94
:1029B00032D0102DF9D13CE0402D73D0802D6FD056
:1029C000B5F5807F6DD0B5F5007FEED1BFE024F482
:1029D000E024106800F4E020044356681868C0F84A
:1029E000BC63DAE024F460144FF46016106806EA61
:1029F000C000044356681868C0F8C063CDE024F0F6
:102A0000E0744FF0E076106806EA801004435668E0
:102A10001868C0F8C463C0E024F060644FF06066DA
:102A2000106806EA4020044356681868C0F8C86376
:102A3000B3E021F007011068C0F3024001431868B9
:102A4000D0F8F80320F01F061868C0F8F86318687B
:102A5000D0F8F803167906F01F0630431E68C6F852
:102A6000F8039AE021F070017026106806EA103031
:102A700001431868D0F8F80320F478761868C0F895
:102A8000F8631868D0F8F8034FF47877566807EAC7
:102A9000461630431E68C6F8F8037EE074E001E095
:102AA0001DE039E021F4E0614FF4E066106806EAC9
:102AB000102001431868D0F8F80320F4F84618688D
:102AC000C0F8F8631868D0F8F8034FF4F847566870
:102AD00007EA862630431E68C6F8F8035DE021F455
:102AE000E0414FF4E046106806EA10100143186810
:102AF000D0F8F80320F4F8161868C0F8F8631868DE
:102B0000D0F8F80396884FF4F81707EA06463043E2
:102B10001E68C6F8F80340E021F4E021106800F4D4
:102B2000E02001431868D0F8F80320F078761868A0
:102B3000C0F8F8631868D0F8F80396884FF07877F3
:102B400007EA465630431E68C6F8F80325E021F42C
:102B5000E0014FF4E006106806EA0010014318682F
:102B6000D0F8F80320F0F8461868C0F8F863186841
:102B7000D0F8F80316794FF0F84707EA8666304335
:102B80001E68C6F8F80308E0072083F8DD0000BFE0
:102B9000002083F8DC0000BF00BF00BF93F8DD0019
:102BA000072801D10120E2E6102D03D21868C0F8F1
:102BB000804302E01868C0F8FC13012083F8DD00B0
:102BC00000BF002083F8DC0000BF00BFCFE67047E5
:102BD0007047704770B505460C4614B9FEF78EF87D
:102BE00070BD012C18D10D480078A8B100200B4908
:102BF00008700B49098800EE101AB8EE400ADFEDA4
:102C0000090A20EE200ABCEEC00A10EE101A88B2A3
:102C100004F0C4FB00B1E3E700BFE1E71A000020C5
:102C2000180000209A99D93F704770477047704745
:102C30007047024600BF92F8DC00012801D1022053
:102C40007047012082F8DC0000BF022082F8DD001E
:102C5000481C80B91068D0F8CC0320F0020310683B
:102C6000C0F8CC331068D0F8CC0340F001031068F2
:102C7000C0F8CC3318E01068D0F8CC0340F0020361
:102C80001068C0F8CC331068D0F8CC0320F00C00EA
:102C900008431368C3F8CC031068D0F8CC0340F0A5
:102CA00001031068C0F8CC33012082F8DD00002059
:102CB000C6E7704770477047704770477047704766
:102CC00070B505460C46FF2C03D1284603F0F2F8F8
:102CD00009E0062C03D1284603F0B3F903E02146AE
:102CE000284603F0BEFA70BDF8B504460CB90120C1
:102CF000F8BD0220E03404F8030C0020206060607E
:102D0000A060E06020616061A061E03C207A00F09A
:102D1000010008B33549206888420DD100BF34480E
:102D2000006E40F08060324908660846006E00F090
:102D30008060009000BF00BF2068066826F440460F
:102D4000208A00F44040064326F44056A08A00F44E
:102D50004050064320680660204600F04BF8207A79
:102D600000F0020048B12068066826F44076A08989
:102D700000F44070064320680660012084F8DD00FE
:102D800000BF002084F8DC0000BF002529E00021FE
:102D9000C5EBC50204F1180040F82210C5EBC502CE
:102DA00000EB82004160C5EBC50204F1180000EBA6
:102DB00082008160C5EBC50204F1180000EB8200BF
:102DC000C160C5EBC50204F1180000EB820001618F
:102DD000C5EBC50204F1180000EB82008161681C9C
:102DE000C5B2062DD3D9002082E70000006801405B
:102DF0000010024038B5044615492068884225D1A4
:102E000000BF1448006E40F0806012490866084612
:102E1000006E00F08060009000BF00BF002206211D
:102E2000432000F09BFB432000F084FB002206219E
:102E3000442000F093FB442000F07CFB002206219C
:102E4000452000F08BFB452000F074FB38BD0000EE
:102E5000006801400010024010B586B004461421FD
:102E600001A8FDF721FA1149206888421CD100BF52
:102E70000F48C06C40F001000D49C8640846C06CA2
:102E800000F00100009000BF00BF881501900220F3
:102E9000029001200390032004900D20059001A9C9
:102EA0004FF09040FFF7C6FB06B010BD0068014030
:102EB00000100240704770477047704770B5044675
:102EC0000D46FFF7A3FC06460CE0681C50B1FFF767
:102ED0009DFC801BA84200D825B9072084F8DD009E
:102EE000032070BD2068D0F88803C0F3004000289C
:102EF000EBD0012084F8DD0000BF002084F8DC0066
:102F000000BF00BFEDE7704770477047704770B56E
:102F100004460D46164694F8DD00022800D170BD27
:102F2000022084F8DD00062D04D13146204603F04E
:102F300025F804E032462946204603F089FA0120AC
:102F400084F8DD000020EAE730B5044694F8DD009F
:102F5000022800D130BD00BF94F8DC00012801D167
:102F60000220F7E7012084F8DC0000BF022084F88B
:102F7000DD00062928D1012A06D0022A08D0042A19
:102F80000AD0082A10D10BE018682568E86114E01F
:102F900018682568686210E018682568A8620CE067
:102FA00018682568E86208E0072084F8DD0000BFA3
:102FB000002084F8DC0000BF00BF00BF94F8DD00F3
:102FC00007287DD10120C5E7012A06D0022A0BD0AF
:102FD000042A4CD0082A74D150E01D682068803043
:102FE00000EBC110C5619AE01D682068803000EBDD
:102FF000C1104562586868B32068803000EBC1108A
:10300000006820F440552068803000EBC110056056
:103010002068803000EBC11000685D682843256897
:10302000803505EBC11528605868B0F5005F06D102
:103030009D682068803000EBC110C56116E05868BB
:10304000B0F5405F12D19D682068803000EBC11060
:1030500085620BE02068803000EBC110006820F42E
:1030600040502568803505EBC115286057E01D6884
:103070002068803000EBC110856250E01D68206838
:10308000803000EBC110C562586888B3206880307A
:1030900000EBC110006820F440452068803000EB50
:1030A000C11005602068803000EBC11000685D68C9
:1030B00040EA85052068803000EBC110056001E022
:1030C00034E023E05868B0F5005F06D19D682068C1
:1030D000803000EBC110C56117E05868B0F5405F63
:1030E00013D19D682068803000EBC11085620CE030
:1030F000FFE72068803000EBC110006820F44040FA
:103100002568803505EBC115286008E0072084F8A4
:10311000DD0000BF002084F8DC0000BF00BF00BF5E
:1031200094F8DD00072801D1012013E7012084F87D
:10313000DD0000BF002084F8DC0000BF00BF09E70D
:10314000024600BF92F8DC00012801D1022070473E
:10315000012082F8DC0000BF022082F8DD00106848
:103160000068084313681860012082F8DD0000BF82
:10317000002082F8DC0000BF00BFE8E730B502465F
:103180000B4600BF92F8DC00012801D1022030BDBF
:10319000012082F8DC0000BF022082F8DD00106808
:1031A000D0F89003546820431468C4F8900303F4E3
:1031B000803030B11068C468D2F8C8000443106889
:1031C000C460002118E0154850F82100184088B16B
:1031D0001068803000EBC110C068C1EBC10502F17E
:1031E000180404EB8504A46820431468803404EBBD
:1031F000C114E060481CC1B20629E4D3106800681D
:10320000184314682060012082F8DD0000BF002010
:1032100082F8DC0000BF00BFB9E7000074000020A6
:103220002DE9F04104460D4616461F4694F8DD0090
:10323000022801D1BDE8F08100BF94F8DC0001282C
:1032400001D10220F6E7012084F8DC0000BF022053
:1032500084F8DD003B4632462946204602F07EFFD8
:10326000012084F8DD0000BF002084F8DC0000BFEE
:1032700000BFDFE7024600BF92F8DC00012801D161
:1032800002207047012082F8DC0000BF022082F893
:10329000DD001068D0F8940308431368C3F8940362
:1032A000012082F8DD0000BF002082F8DC0000BFB2
:1032B00000BFE6E770B504460D46164694F8DD00FB
:1032C000022800D170BD00BF94F8DC00012801D1B4
:1032D0000220F7E7012084F8DC0000BF022084F818
:1032E000DD00062D04D13146204602F05BFE04E0ED
:1032F00032462946204603F0CBF8C5EBC50204F15F
:10330000180000EB820031688160C5EBC50204F152
:10331000180000EB82007168C160C5EBC50204F1C2
:10332000180000EB8200B1680161C5EBC50204F131
:10333000180000EB8200F1684161C5EBC50204F1A1
:10334000180000EB8200316981612946204602F0B5
:1033500067FD062D10D0F06A70B92068803000EB50
:10336000C510006820F40070F16D40EA412120682A
:10337000803000EBC5100160012084F8DD0000BF43
:10338000002084F8DC0000BF00BF9BE770B5044656
:103390000D46164694F8DD00022800D170BD00BF2E
:1033A00094F8DC00012801D10220F7E7012084F81D
:1033B000DC0000BF022084F8DD00324629462046AA
:1033C00003F08CF92946204602F02AFD012084F8FA
:1033D000DD0000BF002084F8DC0000BF00BFDDE797
:1033E00070B504460CB9012070BD4CF6CC40216884
:1033F000086045F2555021680860D4E90010486023
:103400002168A0688860FFF701FA05460BE0FFF726
:10341000FDF9401B312806D92068C06800F007007C
:1034200008B10320E0E72068C06800F0070000282A
:10343000EDD120680169E068814203D02168E0682D
:10344000086103E04AF6AA20216808600020CBE763
:1034500001464AF6AA200A68106000207047000062
:103460000348006803490968084401490860704737
:10347000680000207000002010B50024032000F038
:10348000ABF80F2000F008F808B1012401E000F0CB
:103490002FF8204610BD000070B5044600251148E5
:1034A0000068D8B10F4800684FF47A71B1FBF0F0B2
:1034B0000D490968B1FBF0F6304600F079FF58B9C4
:1034C000102C07D200222146501E00F047F8074872
:1034D000046004E0012502E0012500E00125284602
:1034E00070BD000070000020900000206C000020E3
:1034F00008B500BF0E48006E40F001000C49086698
:103500000846006E00F00100009000BF00BF00BF41
:103510000846806D40F0805088650846806D00F058
:103520008050009000BF00BF00F0F6F808BD00001A
:10353000001002400146084600280DDB00BF00BF16
:1035400000F01F0301229A4043099B0003F1E0238E
:10355000C3F8002100BF00BF00BF70472DE9F05F36
:1035600080460D46164605F0A5FE074639462A4612
:10357000334601F00700C0F1070ABAF1040F02D97F
:103580004FF0040A01E0C0F1070AD14600F1040A35
:10359000BAF1070F02D24FF0000A01E0A0F1030ACE
:1035A000D4464FF0010A0AFA09FAAAF1010A0AEA16
:1035B000020A0AFA0CFA4FF0010B0BFA0CFBABF102
:1035C000010B0BEA030B4AEA0B042146404605F0C7
:1035D00079FEBDE8F09F000000BF00F00702064B37
:1035E00019684FF6FF031940044B0B4343EA0221CD
:1035F000014B196000BF70470CED00E00000FA05B8
:1036000002468ABB4148006800F4C060B0F5806F94
:103610002BD13E488030006820F480703B4BC3F8CB
:1036200080001846006820F4C06040F40070186004
:103630003748006832235843364BB0FBF3F0411C47
:1036400000E0491E3148406900F48060B0F5806FA9
:1036500001D10029F5D12D48406900F48060B0F512
:10366000806F51D10320704708E0284880300068FF
:1036700020F48070254BC3F8800045E0B2F5007F50
:103680003AD12248006800F4C060B0F5806F2AD1BA
:103690001E488030006840F480701C4BC3F88000E6
:1036A0001846006820F4C06040F4007018601848A4
:1036B000006832235843174BB0FBF3F0411C00E085
:1036C000491E1248406900F48060B0F5806F01D156
:1036D0000029F5D10D48406900F48060B0F5806F95
:1036E00012D10320BFE709488030006840F48070A1
:1036F000064BC3F8800007E00448006820F4C0606F
:1037000040F48060014B18600020ACE7007000407E
:103710009000002040420F000348806840F4804041
:103720000149886070470000007000402DE9F843AF
:1037300004460027B846206800F40020B0F5002FAA
:1037400073D1B946FD48806D00F0805078B900BF54
:10375000FA48806D40F08050F84988650846806DD1
:1037600000F08050009000BF00BF4FF00109F44806
:10377000006840F48070F2490860FFF747F8064699
:1037800006E0FFF743F8801B022801D9032705E074
:10379000EB48006800F480700028F2D000BF002FD2
:1037A00046D1E6489030006800F44075CDB1206DF8
:1037B000A84216D0E1489030006820F44075DF48F8
:1037C000D0F8900040F48030DC49C1F89000084601
:1037D000D0F8900020F48030C1F890000846C0F87E
:1037E000905005F00100A0B1FFF710F8064608E080
:1037F000FFF70CF8801B41F28831884201D903277A
:1038000006E0CE489030006800F002000028EFD0BB
:1038100000BF5FB9C9489030006820F44070216D46
:103820000843C649C1F8900003E00CE0B84600E048
:10383000B846B9F1010F05D1C048806D20F0805025
:10384000BE49886500BF207800F0010048B1BB4840
:103850008830006820F0030061680843B749C1F868
:103860008800207800F00200022809D1B34888308F
:10387000006820F00C00A1680843B049C1F8880036
:10388000207800F00400042809D1AC488830006892
:1038900020F03000E1680843A849C1F8880020788A
:1038A00000F00800082809D1A4488830006820F0FA
:1038B000C00021690843A149C1F88800207800F0C0
:1038C0001000102809D19D488830006820F440700D
:1038D000616908439949C1F88800207800F0200008
:1038E000202809D195488830006820F44060A169FB
:1038F00008439249C1F88800207800F04000402831
:1039000009D18E488830006820F44050E1690843AE
:103910008A49C1F88800207800F08000802809D109
:1039200086488830006820F44040216A0843834973
:10393000C1F88800208800F48070B0F5807F09D13C
:103940007E488830006820F44030616A08437B4933
:10395000C1F88800206800F40030B0F5003F09D1BC
:1039600076489C30006820F00300A16A0843734940
:10397000C1F89C00208800F40070B0F5007F09D1E8
:103980006E488830006820F44020E16A08436B49A3
:10399000C1F88800208800F48060B0F5806F13D1F2
:1039A00066488830006820F44010216B0843634962
:1039B00088310860206BB0F5801F05D15F48C06872
:1039C00040F480105D49C860208800F40060B0F5C4
:1039D000006F13D159488830006820F44000616BB3
:1039E0000843564988310860606BB0F5800F05D1F7
:1039F0005248C06840F480105049C860208800F4E4
:103A00008050B0F5805F13D14C488830006820F0BA
:103A10004070A16B0843494988310860A06BB0F140
:103A2000807F05D14548C06840F480104349C86094
:103A3000208800F40050B0F5005F13D13F48883073
:103A4000006820F04060E16B08433C498831086021
:103A5000E06BB0F1006F05D13848C06840F48010C9
:103A60003649C860208800F48040B0F5804F13D1FB
:103A700032488830006820F04060216C08432F49AC
:103A800088310860206CB0F1006F05D12B48C06808
:103A900040F480102949C860208800F40040B0F547
:103AA000004F13D125488830006820F04050616CE9
:103AB0000843224988310860606CB0F1805F05D10D
:103AC0001E48C06840F480301C49C860206800F47B
:103AD0008030B0F5803F13D118488830006820F05E
:103AE0004040A16C0843154988310860A06CB0F1D2
:103AF000804F05D11148C06840F480300F49C8603C
:103B0000206800F48020B0F5802F13D10B489C3042
:103B1000006820F44010E16C084308499C310860BB
:103B2000E06CB0F5001F05D10448C06840F4801077
:103B30000249C8604046BDE8F8830000001002401A
:103B4000007000402DE9F04104460D464FF000089A
:103B500014B90120BDE8F0817D48006800F00F0035
:103B6000A8420ED27A48006820F00F002843784916
:103B700008600846006800F00F00A84201D001204C
:103B8000E8E7207800F00100002864D0606803288E
:103B900023D17048006800F0007008B90120D9E70F
:103BA00003F02CFC06466C48864237D96948806889
:103BB00000F0F00030B1207800F0020002282DD192
:103BC000A06858BB6348806820F0F00040F0800097
:103BD000604988604FF0800820E06068022806D1C4
:103BE0005C48006800F4003040B90120B2E7594851
:103BF000006800F4806008B90120ABE700F0DEF84F
:103C000006465548864209D95248806820F0F0009F
:103C100040F080004F4988604FF080084D48806830
:103C200020F00300616808434A498860FEF7EEFD12
:103C3000074608E0FEF7EAFDC01B41F288318842E2
:103C400001D9032086E74348806800F00C006168D2
:103C5000B0EB810FEED1207800F00200022820D1D5
:103C6000207800F00400042805D13A48806840F428
:103C7000E06038498860207800F00800082807D103
:103C80003448806820F4605040F4E0603149886036
:103C90003048806820F0F000A16808432D49886012
:103CA00008E0B8F1800F05D12A48806820F0F000C4
:103CB000284988602648006800F00F00A84219D9FA
:103CC0002348006820F00F00284321490860FEF7D0
:103CD0009DFD074608E0FEF799FDC01B41F28831C3
:103CE000884201D9032035E71948006800F00F0029
:103CF000A842F0D1207800F00400042807D115482C
:103D0000806820F4E060E168084312498860207808
:103D100000F00800082808D10E48806820F46050A0
:103D2000216940EAC1000B49886000F047F8094961
:103D30008968C1F30311094A515C01F01F01C840B1
:103D40000749086007480068FFF7A6FB02E7000084
:103D5000002002400010024000B4C404C09C0008CF
:103D6000900000206C0000200148006870470000AF
:103D70009000002000B5FFF7F7FF05498968C1F3FF
:103D80000221044A515C01F01F01C84000BD00003F
:103D900000100240D09C000800B5FFF7E5FF054980
:103DA0008968C1F3C221044A515C01F01F01C84077
:103DB00000BD000000100240D09C000870B5224DEC
:103DC000AD6805F00C05042D01D120483AE01E4DE8
:103DD000AD6805F00C05082D01D11D4832E01A4DE3
:103DE000AD6805F00C050C2D2BD1174DED6805F0D5
:103DF0000304154DED68C5F303156A1C022C0CD0A5
:103E0000032C09D1124DB5FBF2F50F4EF668C6F33F
:103E1000062605FB06F10AE000BF0C4DB5FBF2F5E6
:103E2000094EF668C6F3062605FB06F100BF00BF83
:103E3000054DED68C5F341656D1C6B00B1FBF3F0FA
:103E400000E0002070BD0000001002400024F400DB
:103E500000366E012DE9F843044614B90120BDE88F
:103E6000F883207800F00100002865D0FC488068C5
:103E700000F00C07FA48C06800F003060C2F01D1CF
:103E8000032E01D0082F0AD1F548006800F4003055
:103E9000002851D0606800284ED10120DFE700BF24
:103EA0006068B0F5803F06D1ED48006840F480308E
:103EB000EB4908601AE06068B0F5A02F0BD1E84824
:103EC000006840F48020E64908600846006840F435
:103ED000803008600AE0E248006820F48030E04961
:103EE00008600846006820F48020086000BF606811
:103EF00088B1FEF78BFC054606E0FEF787FC401B09
:103F0000642801D90320AAE7D548006800F40030EE
:103F10000028F2D010E0FEF779FC054606E0FEF737
:103F200075FC401B642801D9032098E7CC48006841
:103F300000F400300028F2D1207800F002000228BE
:103F400060D1C748806800F00C07C548C06800F021
:103F500003060C2F01D1022E01D0042F18D1C04826
:103F6000006800F4806018B1E06808B9012076E7C5
:103F7000BB48406820F0FE40217C40EA0160B8491F
:103F80004860B8480068FFF787FA18B3012066E771
:103F9000E06800B3B248006840F48070B04908603F
:103FA000FEF734FC054606E0FEF730FC401B022815
:103FB00001D9032053E7AA48006800F48060002874
:103FC000F2D0A748406820F0FE40217C40EA016022
:103FD000A349486016E0A248006820F48070A04918
:103FE0000860FEF713FC054606E0FEF70FFC401BD9
:103FF000022801D9032032E79948006800F4806064
:104000000028F2D1207800F00800082836D1606935
:10401000D0B193489430006840F001009049C1F855
:104020009400FEF7F3FB054606E0FEF7EFFB401BAE
:10403000022801D9032012E789489430006800F073
:1040400002000028F1D019E085489430006820F083
:1040500001008349C1F89400FEF7D8FB054606E04D
:10406000FEF7D4FB401B022801D90320F7E67C4869
:104070009430006800F002000028F1D1207800F0B0
:104080000400042872D14FF000087548806D0121AA
:1040900021EA107078B100BF7148806D40F0805007
:1040A0006F4988650846806D00F08050009000BF21
:1040B00000BF4FF001086C48006800F48070B0B990
:1040C0006948006840F4807067490860FEF79EFB0D
:1040D000054606E0FEF79AFB401B022801D90320A3
:1040E000BDE66148006800F480700028F2D000BF8F
:1040F000A068012808D15A489030006840F00100BB
:104100005749C1F8900021E0A06805280FD1544814
:104110009030006840F004005149C1F89000084612
:10412000D0F8900040F00100C1F890000EE04C483B
:104130009030006820F001004949C1F8900008461D
:10414000D0F8900020F00400C1F8900000BFA068F3
:10415000A8B1FEF75BFB054609E0FEF757FB401BE5
:1041600041F28831884202D9032078E625E03C48B4
:104170009030006800F002000028EED013E0FEF757
:1041800045FB054608E0FEF741FB401B41F2883144
:10419000884201D9032062E631489030006800F07F
:1041A00002000028EFD1B8F1010F05D12C48806D35
:1041B00020F080502A49886500BF207800F0200058
:1041C000202836D1A069D0B125489830006840F049
:1041D00001002349C1F89800FEF718FB054606E0E8
:1041E000FEF714FB401B022801D9032037E61C48C8
:1041F0009830006800F002000028F1D019E018485B
:104200009830006820F001001549C1F89800FEF7C9
:10421000FDFA054606E0FEF7F9FA401B022801D92F
:1042200003201CE60E489830006800F002000028C9
:10423000F1D1E069002860D00948806800F00C00E6
:104240000C287AD0E069022858D10548006820F08F
:10425000807003490860FEF7D9FA05460DE00000BA
:10426000001002406C00002000700040FEF7CEFA03
:10427000401B022801D90320F1E54A48006800F0FC
:1042800000700028F2D1D4E90810401E41EA001164
:10429000A06A41EA0021208E0122C2EB500041EACF
:1042A00040513420005DC2EB500041EA40612C20B7
:1042B000005D41EAC0603B49C9683B4A1140084380
:1042C0003849C8600846006840F0807008600846B9
:1042D000C06840F08070C860FEF798FA054606E0B6
:1042E000FEF794FA401B022801D90320B7E52D48B8
:1042F000006800F000700028F2D051E02948006802
:1043000020F0807027490860FEF780FA054606E035
:10431000FEF77CFA401B022801D903209FE52148C3
:10432000006800F000700028F2D11E48C0681F49E4
:1043300008401C49C86033E0FFE7E069012800D16C
:104340008DE51848C66806F00301206A814225D130
:1043500006F0F001606A401EB1EB001F1ED106F4AA
:10436000FE41A06AB1EB002F18D106F078412C2055
:10437000005DB1EBC06F11D106F4C001208E0122A7
:10438000C2EB5000B1EB405F08D106F0C0613420B1
:10439000005DC2EB5000B1EB406F01D001205EE543
:1043A00000205CE5001002400C809F01FCFFEEFE47
:1043B00070B504462546681EB0F1807F01D3012008
:1043C0000FE0681E4FF0E02148610F214FF0FF30F1
:1043D00004F078FF00204FF0E02188610720086199
:1043E000002070BD704770477047000010B503464D
:1043F000002200BF93F83C00012801D1022010BD2B
:10440000012083F83C0000BF22F0FF00CC6840EAA6
:10441000040222F440708C6840EA040222F48060B6
:104420004C6840EA040222F400600C6840EA04028E
:1044300022F480500C6940EA040222F400504C69D6
:1044400040EA040222F480400C6B40EA040222F4A9
:1044500070200C8B40EA044222F08050CC6940EA84
:104460000402144C1868A04207D0134C1868A042EC
:1044700003D0124C1868A04213D122F470000C8DA6
:1044800040EA045222F080700C6A40EA040222F0F2
:1044900000704C6A40EA040222F00050CC6A40EA04
:1044A00004021868426400BF002083F83C0000BF8B
:1044B00000BFA4E7002C014000340140005001403F
:1044C000704770477047000030B502460B4600BF8A
:1044D00092F83C00012801D1022030BD012082F871
:1044E0003C0000BF022082F83D001068416810685F
:1044F0008468234D1068A84207D0224D1068A84256
:1045000003D0214D1068A84203D121F470015868EE
:1045100001431E4801401868014310684160184D6E
:104520001068A8421BD01068B0F1804F17D0184D0A
:104530001068A84213D0174D1068A8420FD0164D2E
:104540001068A8420BD00F4D1068A84207D0134D39
:104550001068A84203D00C4D1068A84205D124F081
:1045600080049868044310688460012082F83D004C
:1045700000BF002082F83C0000BF00BFADE7000094
:10458000002C014000340140005001408FFFFFFD2E
:104590000004004000080040000C004000400140C2
:1045A000704710B504460CB9012010BD94F83D00C9
:1045B00028B9002084F83C00204600F029F80220A9
:1045C00084F83D00211D206803F078FD012084F867
:1045D000480000BF84F83E0001213F2001554020E3
:1045E000015541200155422001554320015500BF8E
:1045F00000BF012084F844004520015546200155A4
:104600004720015500BF012084F83D000020CCE781
:1046100038B504461E49206888421ED100BF1D4897
:10462000006E40F400601B4908660846006E00F406
:104630000060009000BF00BF002204211920FEF797
:104640008DFF1920FEF776FF002204211B20FEF7C4
:1046500085FF1B20FEF76EFF19E02068B0F1804F48
:1046600015D100BF0B48806D40F0010009498865F5
:104670000846806D00F00100009000BF00BF0022DE
:1046800007211C20FEF76AFF1C20FEF753FF38BDF0
:10469000002C014000100240014691F83D00012825
:1046A00001D001207047022081F83D000868C068F1
:1046B00040F001000B68D8601C4B086898421BD082
:1046C0000868B0F1804F17D0194B0868984213D092
:1046D000184B086898420FD0174B086898420BD0C7
:1046E000164B0868984207D0154B0868984203D0CB
:1046F000144B0868984210D108688068124B00EA91
:104700000302062A0FD0B2F5803F0CD0086800687B
:1047100040F001000B68186005E00868006840F090
:1047200001000B6818600020BCE70000002C01406D
:104730000004004000080040000C0040003401402C
:104740000040014000500140070001002DE9F04108
:1047500004460D46002700BF94F83C00012802D112
:104760000220BDE8F081012084F83C0000BF022057
:1047700084F83D00206886684248064026F47F465B
:10478000206886602868B0F5005F33D015DC4028CB
:1047900051D008DC002858D0102857D0202856D0F7
:1047A000302862D154E0502831D0602839D07028A8
:1047B00013D0B0F5805F58D10EE000F00F01002952
:1047C00053D10011A0F5803008284ED2DFE800F068
:1047D000414243444546474849E0D5E902136A68E7
:1047E000206803F0F4FC2068866846F077062068AD
:1047F00086603CE0D5E902136A68206803F0E7FCB4
:104800002068806840F48040216888602FE0EA6872
:104810006968206803F0F4FE5021206803F0E2FC90
:1048200025E0EA686968206803F0FDFE60212068E1
:1048300003F0D8FC1BE0EA686968206803F0E0FE3A
:104840004021206803F0CEFC11E000BF00BF00BF94
:1048500000BF00BF00BF00BF00BF00BF00BF00BF60
:104860002968206803F0BEFC01E0012700BF00BFFB
:10487000012084F83D0000BF002084F83C0000BF08
:1048800038466EE788FFCEFF704770B50446206853
:10489000C6682068056905F00200022819D106F0F3
:1048A0000200022815D1401F2168086101202077ED
:1048B0002068806900F0030018B12046FFF7E4FF8C
:1048C00005E0204600F03AF9204600F067FA0020A3
:1048D000207705F00400042819D106F0040004280C
:1048E00015D1C043216808610220207720688069C3
:1048F00000F4407018B12046FFF7C6FF05E02046DF
:1049000000F01CF9204600F049FA0020207705F05D
:104910000800082819D106F00800082815D1C0435E
:1049200021680861042020772068C06900F0030036
:1049300018B12046FFF7A8FF05E0204600F0FEF87A
:10494000204600F02BFA0020207705F010001028F8
:1049500019D106F01000102815D1C0432168086154
:10496000082020772068C06900F4407018B1204604
:10497000FFF78AFF05E0204600F0E0F8204600F04F
:104980000DFA0020207705F0010048B106F0010083
:1049900030B16FF0010021680861204600F000FA94
:1049A00005F08000802804D005F40050B0F5005FC9
:1049B0000AD106F08000802806D16FF402502168E9
:1049C00008612046FFF70FFD05F48070B0F5807F89
:1049D0000AD106F08000802806D16FF4807021682B
:1049E00008612046FFF7FEFC05F04000402809D191
:1049F00006F04000402805D1C043216808612046E8
:104A000000F0E4F905F02000202809D106F020008C
:104A1000202805D1C043216808612046FFF7E4FC47
:104A200005F48010B0F5801F0BD106F48010B0F5AE
:104A3000801F06D16FF48010216808612046FFF7BF
:104A400040FD05F40010B0F5001F0BD106F4001076
:104A5000B0F5001F06D16FF40010216808612046F0
:104A6000FFF72EFD05F48000B0F5800F0BD106F4A2
:104A70008000B0F5800F06D16FF4800021680861D6
:104A80002046FFF71FFD05F40000B0F5000F0BD125
:104A900006F40000B0F5000F06D16FF400002168A5
:104AA00008612046FFF77CFD70BD2DE9F04104460A
:104AB0000E461546002700BF94F83C00012802D19D
:104AC0000220BDE8F081012084F83C0000BF0C2DDD
:104AD0001AD005DC4DB1042D0CD0082D23D10EE0E9
:104AE000102D16D0142D1ED118E03146206803F089
:104AF00085FB1AE03146206803F0DEFB15E0314605
:104B0000206803F03DFC10E03146206803F09AFC79
:104B10000BE03146206803F0F9FC06E031462068DE
:104B200003F030FD01E0012700BF00BF00BF0020FF
:104B300084F83C0000BF3846C3E7000010B50446C7
:104B400009492068884200D010BD207F012803D188
:104B50000420FCF70DF905E0207F022802D1052092
:104B6000FCF706F900BFEFE7002C014010B5044642
:104B70000CB9012010BD94F83D0028B9002084F83C
:104B80003C00204600F029F8022084F83D00211D59
:104B9000206803F093FA012084F8480000BF84F8ED
:104BA0003E0001213F200155402001554120015583
:104BB000422001554320015500BF00BF012084F869
:104BC000440045200155462001554720015500BFAE
:104BD000012084F83D000020CCE77047F0B5044682
:104BE0000D46002715B994F83E0015E0042D02D1BA
:104BF0003F20005D10E0082D02D14020005D0BE059
:104C00000C2D02D14120005D06E0102D02D1422082
:104C1000005D01E04320005D012801D00120F0BDCE
:104C20001DB9022084F83E001AE0042D03D10221B0
:104C30003F20015514E0082D03D1022140200155E9
:104C40000EE00C2D03D102214120015508E0102D6A
:104C500003D102214220015502E0022143200155E7
:104C600035B1042D0BD0082D10D00C2D1CD114E023
:104C70002068C06840F002002168C86016E0206823
:104C8000C06840F004002168C8600FE02068C06878
:104C900040F008002168C86008E02068C06840F063
:104CA00010002168C86001E0012700BF00BF002F8D
:104CB0005DD101222946206803F078FA2D49206849
:104CC000884213D02C49206888420FD02B49206895
:104CD00088420BD02A492068884207D02949206899
:104CE000884203D028492068884201D1012000E091
:104CF000002028B12068406C40F4004021684864DE
:104D00001C49206888421BD02068B0F1804F17D022
:104D10001E492068884213D01D49206888420FD060
:104D20001C49206888420BD013492068884207D06C
:104D300012492068884203D013492068884210D164
:104D400020688068144900EA0106062E0FD0B6F5E7
:104D5000803F0CD02068006840F0010021680860A6
:104D600005E02068006840F00100216808603846CE
:104D700055E70000002C0140003401400040014094
:104D80000044014000480140005001400004004040
:104D900000080040000C00400700010070470000C0
:104DA00010B5044607492068884203D10320FBF769
:104DB000DFFF06E02068B0F1804F02D10248FEF725
:104DC00047FB10BD002C01403C0400207047014609
:104DD00000BF91F88400012801D102207047012012
:104DE00081F8840000BF2420C1F8880008680268A8
:104DF0000868006820F001000B68186022F000527B
:104E000000204866086802602020C1F8880000BFC2
:104E1000002081F8840000BF00BFDFE770B50446C2
:104E200000BF94F88400012801D1022070BD012048
:104E300084F8840000BF2420C4F888002068056836
:104E40002068006820F001002168086045F00055E6
:104E50004FF00050606620680560204603F038FC83
:104E60002020C4F8880000BF002084F8840000BF20
:104E700000BFDBE70146086F70472DE9F0410446AB
:104E80000E461746D4F88C00202825D106B117B954
:104E90000120BDE8F0810120E066002020673A464D
:104EA0003146204604F05CF805469DB9E06E0128C5
:104EB0000FD110202168086200BF00BF216851E8AF
:104EC000001F41F01000226842E800010029F5D1DE
:104ED00000E001252846DCE70220DAE72DE9F04171
:104EE00005460C462846FFF7C5FF0746022F02D0AD
:104EF0000FB1BDE8F0818E49286888420BD124B1FA
:104F000022468C498C4804F086F9642289498B48F2
:104F1000FFF7B3FF0AE18A49286888420BD124B120
:104F200022468849884804F076F9642285498748F2
:104F3000FFF7A3FFFAE08649286888424FD1022F85
:104F400001D1012000E00220024621460320FBF7A8
:104F500065FF062C3DD37F48007880F001067E492E
:104F600001EB8600FCF7EAF87C48007858B906EBBC
:104F700046007B4901EB80007A490A68C0F80620A8
:104F8000898841810AE006EB4600754901EB800003
:104F900075490A68C0F806208988418106EB4600F9
:104FA0006F4901EB80006F490A680260898881803F
:104FB0006D486C490A6802608988818001206749D0
:104FC0000870654901EB860032466249FCF7BCF87F
:104FD00000BF082263496548FFF74FFFA6E0644918
:104FE000286888424FD1022F01D1012000E0022021
:104FF000024621460420FBF711FF062C3DD35D48F5
:10500000007880F001065C4901EB8600FCF796F819
:105010005A48007858B906EB4600594901EB800020
:1050200058490A68C0F80620898841810AE006EBE1
:105030004600534901EB800053490A68C0F8062036
:105040008988418106EB46004D4901EB80004D49BE
:105050000A680260898881804B484A490A68026070
:1050600089888180012045490870434901EB860009
:1050700032464049FCF768F800BF082241494348DE
:10508000FFF7FBFE52E04249286888424ED1022FCA
:1050900001D1012000E00220024621460520FBF755
:1050A000BDFE062C3DD33B48007880F001063A490E
:1050B00001EB8600FCF742F83848007858B906EB57
:1050C0004600374901EB800036490A68C0F80620DF
:1050D000898841810AE006EB4600314901EB8000F6
:1050E00031490A68C0F806208988418106EB4600EC
:1050F0002B4901EB80002B490A6802608988818076
:10510000294828490A68026089888180012023494A
:105110000870214901EB860032461E49FCF714F85D
:1051200000BF08221F492148FFF7A7FE00BFE0E6A5
:105130000038014024060020EC060020D80800209A
:1051400000440040880600204E0700206C09002023
:105150000048004034000020380000206200002099
:10516000140500201C00002050000020000A002030
:10517000004C00403500002040000020630000206B
:10518000440500202400002056000020B007002025
:10519000005000403600002048000020640000203D
:1051A0002C0500202C0000205C000020440800207A
:1051B000704770B504460D4600BF94F8840001287E
:1051C00001D1022070BD012084F8840000BF24209A
:1051D000C4F88800206806682068006820F0010094
:1051E000216808602068806820F06060284321689A
:1051F0008860204603F06CFA206806602020C4F81E
:10520000880000BF002084F8840000BF00BFD9E7F9
:1052100070B504460D4600BF94F88400012801D102
:10522000022070BD012084F8840000BF2420C4F84F
:105230008800206806682068006820F00100216866
:1052400008602068806820F06040284321688860FA
:10525000204603F03DFA206806602020C4F888004C
:1052600000BF002084F8840000BF00BFD9E770476A
:105270007047000010B504462749206888420BD1CA
:105280000020C4F890000F2021680862642223499E
:105290002348FFF7F2FD3EE02249206888420BD107
:1052A0000020C4F890000F202168086264221E4983
:1052B0001E48FFF7E2FD2EE01D49206888420BD111
:1052C0000020C4F890000F202168086208221949C4
:1052D0001948FFF7D2FD1EE01849206888420BD11B
:1052E0000020C4F890000F202168086208221449A9
:1052F0001448FFF7C2FD0EE01349206888420AD126
:105300000020C4F890000F202168086208220F498D
:105310000F48FFF7B2FD10BD003801402406002001
:10532000D808002000440040880600206C090020B6
:10533000005000402C00002044080020004800409D
:105340001C000020000A0020004C00402400002027
:10535000B00700202DE9F04704462068C5692068A1
:1053600006682068876840F60F0005EA0009B9F171
:10537000000F0FD105F0200060B106F0200010B939
:1053800007F0805030B1606F10B12046616F8847E0
:10539000BDE8F087B9F1000F7ED0DF48384018B97A
:1053A000DE4830400028F7D005F0010058B106F47F
:1053B000807040B1012021680862D4F8900040F06C
:1053C0000100C4F8900005F0020058B107F0010098
:1053D00040B1022021680862D4F8900040F0040037
:1053E000C4F8900005F0040058B107F0010040B186
:1053F000042021680862D4F8900040F00200C4F84C
:10540000900005F0080070B106F0200010B9C24805
:10541000384040B1082021680862D4F8900040F07C
:105420000800C4F8900005F4006060B106F08060E8
:1054300048B14FF4006021680862D4F8900040F051
:105440002000C4F89000D4F89000002852D005F055
:10545000200050B106F0200010B907F0805020B1B4
:10546000606F10B12046616F8847D4F890A0206823
:10547000806800F04000402802D00AF0280070B395
:10548000204603F01BFB2068806800F040004028A5
:1054900026D100BF00BF00E02DE02168083151E8AF
:1054A000001F21F040002168083141E80002002A75
:1054B000F1D100BFD4F8800068B19948D4F88010C9
:1054C0008863D4F88000FCF70EFF98B1D4F8800010
:1054D000816B88470EE02046FFF7CCFE0AE003E030
:1054E0002046FFF7C7FE05E02046FFF7C3FE002079
:1054F000C4F890004CE7E06E012865D105F010007B
:10550000002861D006F010000028FAD01020216891
:1055100008622068806800F0400040287AD1D4F802
:105520008000006840681FFA80F8B8F1000F5CD076
:10553000B4F85C00404558DDA4F85E80D4F88000E3
:105540000068006800F02000E8BB00BF00BF2168D1
:1055500051E8001F21F48070226842E80001002910
:10556000F5D100BF00BF00BF2168083151E8001F1E
:1055700021F001002168083141E80002002AF3D13E
:1055800000BF00BF00BF2168083151E8001F21F0B3
:1055900040002168083141E80002002AF3D100BF31
:1055A0002020C4F88C000020E06600BF00BF216806
:1055B00051E8001F21F01000226842E80001002994
:1055C000F5D100BF01E004E068E0D4F88000FCF70A
:1055D0004FFE02202067B4F85C00B4F85E20801A09
:1055E00081B22046FFF77AFC12E0B4F85C00404537
:1055F0000ED1D4F880000068006800F02000202858
:1056000006D102202067B4F85C102046FFF766FC44
:10561000BEE6FFE734F85C0F6188401A1FFA80F895
:1056200060885C3CC8B3B8F1000F36D000BF00BF43
:10563000216851E8001F21F49070226842E80001BF
:105640000029F5D100BF00BF00BF2168083151E833
:10565000001F314AD24301EA02002168083141E8C3
:105660000002002AF1D100BF2020C4F88C000020E5
:10567000E066606700BF00BF216851E8001F21F0AD
:105680001000226842E800010029F5D100BF022085
:10569000206741462046FFF721FC79E605F480109B
:1056A00050B107F4800038B14FF4801021680862CF
:1056B0002046FFF7DDFD6BE605F0800058B106F0EF
:1056C000800010B907F4000028B1A06F10B1204687
:1056D000A16F88475CE605F0400030B106F040005D
:1056E00018B1204603F020FA52E605F4000030B16C
:1056F00006F0804018B12046FFF7B9FD48E605F0F6
:10570000807030B106F0004018B12046FFF750FD20
:105710003EE600BF3CE6000001000010200100044E
:105720000B89000810B504460CB9012010BDA06912
:1057300000B100E000BFD4F8880028B9002084F848
:105740008400204600F02AF82420C4F8880020684D
:10575000006820F0010021680860A06A10B12046AE
:1057600002F0E2FF204603F017FA012800D1DDE73E
:105770002068406820F49040216848602068806874
:1057800020F02A00216888602068006840F001004D
:1057900021680860204603F043F8C7E710B59CB0C5
:1057A0000446142117A8FAF77FFD542102A8FAF73E
:1057B0007BFDFE492068884260D1082002900020CD
:1057C000069002A8FDF7B2FF08B1FBF75BFD00BF32
:1057D000F748806D40F40020F54988650846806DE3
:1057E00000F40020019000BF00BF00BF0846C06C5D
:1057F00040F00400C8640846C06C00F0040001904A
:1058000000BF00BF4FF440601790022018900020A6
:1058100019901A9005201B9017A9E648FCF70AFF7B
:10582000E548E64908601E2048600021E3488160A1
:10583000C16080210161002141618161C1614FF43A
:1058400040510162FCF718FE08B1FBF71BFD00BFD9
:10585000DA48C4F88000846200BF00221146342078
:10586000FDF77CFE3420FDF765FE00220221392081
:10587000FDF774FE3920FDF75DFEFAE1D04920689E
:1058800088427BD1102002900020079002A8FDF7EB
:105890004DFF08B1FBF7F6FC00BFC548806D40F432
:1058A0008010C34988650846806D00F4801001901F
:1058B00000BF00BF00BF0846C06C40F00400C864D1
:1058C0000846C06C00F00400019000BF00BF00BF9C
:1058D0000846C06C40F00800C8640846C06C00F080
:1058E0000800019000BF00BF881417900220189094
:1058F000002019901A9005201B9017A9AD48FCF7BD
:1059000099FE0420179002201890002019901A90F8
:1059100005201B9017A9AB48FCF78CFEA648143055
:10592000A9490860202048600021A7488160C16023
:1059300080210161002141618161C1614FF44051C9
:105940000162FCF799FD08B1FBF79CFC00BF9E4883
:10595000C4F88000846200BF002211463520FDF7A4
:10596000FDFD3520FDF7E6FD002202213A20FDF77E
:10597000F5FD3A20FDF7DEFD7BE1FFE79349206866
:10598000884274D1012002900020039002A8FDF704
:10599000CDFE08B1FBF776FC00BF8548006E40F4F1
:1059A0008040834908660846006E00F480400190FC
:1059B00000BF00BF00BF0846C06C40F00400C864D0
:1059C0000846C06C00F00400019000BF00BF30200A
:1059D000179002201890002019901A9007201B9011
:1059E00017A97448FCF726FE79487A490860182000
:1059F0004860002177488160C160802101610021F9
:105A000041618161C1614FF400510162FCF734FDD5
:105A100008B1FBF737FC00BF6E48C4F88000846211
:105A200000BF6B4814306C49086019204860102191
:105A3000694881600021C1608021016100214161CC
:105A40008161C1610162FCF717FD08B1FBF71AFC27
:105A500000BF6148E067846200BF00220121252069
:105A6000FDF77CFD2520FDF765FD02E1FFE75B49C1
:105A70002068884276D1022002900020049002A87B
:105A8000FDF754FE08B1FBF7FDFB00BF4848806DF1
:105A900040F40030464988650846806D00F40030C7
:105AA000019000BF00BF00BF0846C06C40F001007D
:105AB000C8640846C06C00F00100019000BF00BF40
:105AC000C813179002201890002019901A900720F0
:105AD0001B9017A94FF09040FCF7ACFD3C48643098
:105AE0003F4908601A20486000213D488160C1603C
:105AF00080210161002141618161C1614FF4005148
:105B00000162FCF7B9FC08B1FBF7BCFB00BF3448ED
:105B1000C4F88000846200BF2D483C3031490860E1
:105B20001B20486010212F4881600021C160802126
:105B30000161002141618161C1610162FCF79CFC4E
:105B400008B1FBF79FFB00BF2648E067846200BFF7
:105B5000002201212620FDF701FD2620FDF7EAFCA9
:105B600087E0FFE72049206888427CD1042002902A
:105B70000020059002A8FDF7D9FD08B1FBF782FBD4
:105B800000BF0B48806D40F48020094988650846B5
:105B9000806D00F48020019000BF00BF00BF084668
:105BA000C06C40F00200C86408461FE0004C004092
:105BB00000100240000800481C040240940A002023
:105BC00000500040000C0048F40A0020003801405A
:105BD00030000240540B0020B40B00200044004071
:105BE000140C0020740C002000480040C06C00F031
:105BF0000200019000BF00BF4FF4406017900220E8
:105C00001890002019901A9007201B9017A91A4885
:105C1000FCF710FD19481A4908601C204860002153
:105C200017488160C160802101610021416181616B
:105C3000C1614FF440510162FCF71EFC08B1FBF753
:105C400021FB00BF0E48C4F88000846200BF002220
:105C500011462720FDF782FC2720FDF76BFC002270
:105C60000221382000E004E0FDF778FC3820FDF741
:105C700061FC1CB010BD0000000400480804024094
:105C8000D40C0020704770472DE9F84F04460E46AB
:105C900017469946D4F88800202854D106B117B980
:105CA0000120BDE8F88F00205434E06321206063B8
:105CB000FCF7ACFD824627806780543CA068B0F5B5
:105CC000805F04D1206910B90025B04602E0354656
:105CD0004FF0000820E05346002280212046CDF8F6
:105CE000009003F0A1F920B12020C4F8880003201F
:105CF000D7E745B9B8F80000C0F30800216888620A
:105D000008F1020803E02878216888626D1CB4F865
:105D10005600401EA4F85600B4F856000028DAD108
:105D20005346002240212046CDF8009003F07CF934
:105D300020B12020C4F888000320B2E72020C4F856
:105D400088000020ADE70220ABE7000070B50446F4
:105D50000E461546D4F8880020283FD106B10DB96B
:105D6000012070BD44F8506FA580E58000202064BC
:105D70002120A063E06A503CE0B11948E16FC8629D
:105D80001848E16F08631848E16F48630020E16F2D
:105D90008863236803F128022B46216DE06FFCF72E
:105DA000D3FB38B11020C4F890002020C4F888003C
:105DB0000120D6E740202168086200BF00BF2168AB
:105DC000083151E8001F41F080002168083141E8A6
:105DD0000002002AF3D100BF0020C2E70220C0E782
:105DE000578A0008AD8A00081F890008704770476D
:105DF00010B506210148FCF763FF10BD40030020E9
:105E000010B500210148FCF75BFF10BD40030020E6
:105E100010B501210148FCF753FF10BD40030020DD
:105E2000072944D2DFE801F00D161F28313A04009B
:105E30000268D2F8842342F001030268C2F8843376
:105E400036E00268D2F8842342F002030268C2F806
:105E500084332DE00268D2F8842342F00403026800
:105E6000C2F8843324E00268D2F8842342F00803A5
:105E70000268C2F884331BE00268D2F8842342F03F
:105E800010030268C2F8843312E00268D2F8842357
:105E900042F020030268C2F8843309E00268D2F8B5
:105EA000842342F040030268C2F8843300E000BF5C
:105EB00000BF704770B504462068D0F8885320684A
:105EC000D0F8906305F0010048B106F0010030B150
:105ED00001212068C0F88C132046FCF7EBFE05F08A
:105EE000020048B106F0020030B102212068C0F87B
:105EF0008C132046FCF7DFFE05F0040048B106F0E5
:105F0000040030B104212068C0F88C132046FCF74F
:105F1000D3FE05F0080048B106F0080030B10821B2
:105F20002068C0F88C132046FCF7C7FE05F010006F
:105F300048B106F0100030B110212068C0F88C1371
:105F40002046FCF7BBFE05F0400048B106F04000DB
:105F500030B140212068C0F88C132046FCF7AFFE1A
:105F600005F0200048B106F0200030B12021206863
:105F7000C0F88C132046FCF7C9FF70BD10B503684C
:105F80001A6822F007028B681A4322F01802CB68C5
:105F90001A4303681A600B68046863614B680468FD
:105FA000A36110BD10B50246146820681468D4F8C7
:105FB000A03320F020004C69204320F0C0004C6941
:105FC000202C02D08C69022C04D120F0C00040F0BB
:105FD000200013E08C69032C04D140F0400020F035
:105FE00080000BE08C69042C04D140F0800020F08C
:105FF000400003E020F0200020F0C00020F400600A
:10600000CC69204320F480600C6A204320F0C060FB
:106010004C6A204320F000608C6A204320F040400E
:10602000CC6A40EA840020F000504C6B204323F4FB
:1060300080330C6B2343146820601468C4F8A033C9
:1060400010BD2DE9F04104462068D0F8887320681F
:10605000D0F89083206845682068C66807F48030CF
:1060600090B108F4803078B14FF480312068C0F8E6
:106070008C13012084F8DD0000BF002084F8DC00D0
:1060800000BF2046FCF7D4FD07F4003050B108F4FF
:10609000003038B14FF400312068C0F88C1320462E
:1060A000FCF795FD05F0010048B106F0010030B1A4
:1060B00001202168886006212046FCF78BFD05F051
:1060C000020048B106F0020030B102202168886069
:1060D00006212046FCF7A8FD05F0040048B106F0B3
:1060E000040030B104202168886006212046FCF7B6
:1060F0009CFD05F0080048B106F0080030B108200A
:106100002168886006212046FCF790FD05F010000C
:1061100048B106F0100030B11020216888600621D7
:106120002046FCF7F1FE05F0200040B106F020000B
:1061300028B12020216888602046FCF7E6FE05F0A3
:10614000400048B106F0400030B14020216888602E
:1061500006212046FCF7D7FEBDE8F081F0B51546D4
:1061600000240768803707EBC1177A6E076880370D
:1061700007EBC117BE6B402D23D00EDC082D34D0A9
:1061800006DC012D1AD0022D2ED0042D43D116E0AD
:10619000102D15D0202D3ED128E0B5F5007F27D059
:1061A00005DC802D23D0B5F5807F34D10AE0B5F52C
:1061B000806F08D0B5F5006F2DD11AE000BF00BF89
:1061C00000BF00BF00BFD3F804C00768803707EBEB
:1061D000C117C7F83CC0D3F808C00768803707EB81
:1061E000C117C7F840C017E000BF00BF00BF00BF25
:1061F00000BFD3F804C00768803707EBC117C7F8A2
:1062000044C0D3F808C00768803707EBC117C7F848
:1062100048C0102400E000BF00BFFE27A740BA43DB
:106220001F68A7403A43DF68A7403A431F69A74069
:106230003A435F69A7403A439F69A7403A431F69C1
:10624000082F08D106F400772FB906F0007717B9A8
:10625000DF69A7403A430768803707EBC1177A66C2
:10626000F0BD2DE9F04104460D462068803000EB7A
:10627000C51046682068803000EBC510C76806F07E
:10628000010060B107F0010048B1012120688030B1
:1062900000EBC510816029462046FCF79BFC06F008
:1062A000020060B107F0020048B10221206880308E
:1062B00000EBC510816029462046FCF7B5FC06F0CE
:1062C000040060B107F0040048B104212068803068
:1062D00000EBC510816029462046FCF7A6FC06F0BD
:1062E000080060B107F0080048B10821206880303C
:1062F00000EBC510816029462046FCF797FC06F0AC
:10630000100060B107F0100048B110212068803003
:1063100000EBC510816029462046FCF7F5FD06F02C
:10632000400060B107F0400048B140212068803053
:1063300000EBC510816029462046FCF7E4FD06F01D
:10634000800060B107F0800048B180212068803073
:1063500000EBC510816029462046FCF739FC06F4A5
:10636000807068B107F4807050B14FF4807120687C
:10637000803000EBC510816029462046FCF729FCDF
:1063800006F4007068B107F4007050B14FF400716A
:106390002068803000EBC510816029462046FCF75C
:1063A0008AFD06F4806068B107F4806050B14FF454
:1063B00080612068803000EBC5108160294620464E
:1063C000FCF778FD06F4006068B107F4006050B196
:1063D0004FF400612068803000EBC51081602946D1
:1063E0002046FCF76AFD06F4805068B107F480503F
:1063F00050B14FF480512068803000EBC5108160AF
:1064000029462046FCF758FD06F4005068B107F411
:10641000005050B14FF400512068803000EBC5109F
:10642000816029462046FCF702FC06F4804068B1F2
:1064300007F4804050B14FF480412068803000EB79
:10644000C510816029462046FCF733FCBDE8F08189
:1064500030B50468803404EBC114236823F00703CB
:106460009468234323F01803D468234304688034DA
:1064700004EBC114236015680468803404EBC11474
:10648000656155680468803404EBC114A56130BDB2
:106490002DE9F04103460C46D3F800C00CF1800C06
:1064A0000CEBC41CDCF800C02CF07048D3F800C022
:1064B0000CF1800C0CEBC41CCCF80080D3F800C0AD
:1064C0000CF1800C0CEBC41CDCF80000D3F800C00D
:1064D0000CF1800C0CEBC41CDCF86860D3F800C035
:1064E0000CF1800C0CEBC41CDCF86450D3F800C039
:1064F000DCF8A01320F02000D2F814C04CEA000011
:10650000D2F814C0BCF1200F04D0D2F818C0BCF1EE
:10651000020F04D120F4C07040F0200017E0D2F840
:1065200018C0BCF1030F04D140F0800020F480704B
:106530000DE0D2F818C0BCF1040F04D140F4807013
:1065400020F0800003E020F0200020F4C07020F450
:106550000060D2F81CC04CEA000020F48060D2F841
:1065600020C04CEA000020F0C060D2F824C04CEA01
:10657000000020F00060D2F828C04CEA000020F0B3
:106580007040D2F82CC04CEA000020F40030D2F861
:1065900034C0BCF1005F01D140F4003020F0400075
:1065A000D2F838C04CEA000020F48020D2F858C05D
:1065B0004CEA0000DFF820C100EA0C00D2F850C01D
:1065C0004CEA000026F03F0692F83CC00CF03F0C6D
:1065D0004CEA060626F00046D2F840C04CEA060611
:1065E00025F48075D2F844C04CEA0505D2F848C0BD
:1065F000BCF5606F04D0D2F848C0BCF5F05F04D1A0
:10660000D2F838C0BCF1400F05D125F4F055D2F8CE
:1066100048C04CEA050525F48045D2F84CC04CEA48
:106620000505576D062C2ED2DFE804F0030A111879
:106630001F2621F40031D2F830C041EA4C0123E09A
:1066400021F48021D2F830C041EA8C011CE021F411
:106650000021D2F830C041EACC0115E021F48011CC
:10666000D2F830C041EA0C110EE021F40011D2F84A
:1066700030C041EA4C1107E021F48001D2F830C06B
:1066800041EA8C1100E000BF00BFD3F800C00CF15C
:10669000800C0CEBC41CCCF80000D3F800C00CF14B
:1066A000800C0CEBC41CCCF86860D3F800C00CF173
:1066B000800C0CEBC41CCCF86450D3F800C00CF177
:1066C000800C0CEBC41CCCF85470D3F800C0CCF890
:1066D000A013BDE8F0810000FFFF06FE10B50346E1
:1066E0001C68803404EBC114E06E20F010001468C4
:1066F00040EA041020F480105468204320F48030D5
:10670000D468204320F40030946820439469012C1D
:106710000BD120F004001469204320F002005469DA
:10672000204320F00100946920431C68803404EB6E
:10673000C114E06610BD00BFFEE700008168024A98
:106740001140491C81607047C0FFFF7F0146886887
:1067500000F0E07070470146886800F01F00704745
:10676000024602F1600000EB8103186800F0F84077
:10677000704701468868C0F3C000704701468868CA
:10678000C0F3400070470146886800F00100704780
:106790000146886800F00100704701468868C0F330
:1067A0000070704701468868C0F38000704701465A
:1067B0008868C0F3800070470146C86800F44060F4
:1067C00008B9012070470020FCE700008168024AF8
:1067D0001140091D81607047C0FFFF7F70B500F157
:1067E0001404C1F3406504EB85031C68C1F304562F
:1067F0000725B540AC43C1F3045502FA05F52C4317
:106800001C6070BD826822F0E0720A4382607047AB
:1068100010B500F1600404EB81031C6824F000440F
:1068200014431C6010BD426922F000420A434261D9
:106830007047000000B58BB00020089009900A90C6
:1068400020216846F9F730FD4FF0A040304908603C
:106850004FF44030486000212D488160C1600161E3
:1068600041610421816100210177417701210162A9
:10687000002180F824104FF4D461C1624FF480618C
:106880000163012180F838100903C163012180F8F8
:10689000401010214164A02181640021C1640121C4
:1068A0000165FBF7EBF808B1FAF7ECFC0020089063
:1068B00008A91748FAF748FD08B1FAF7E3FC1548AC
:1068C000009006200190032002907F200390042076
:1068D00004900020059069460D48FAF711FE08B1B2
:1068E000FAF7D0FC4FF4FA60FAF7E2F87F21084893
:1068F000FAF7D2FC08B1FAF7C5FC012206490448B0
:10690000FBF740FB08B1FAF7BDFC0BB000BD00007F
:10691000B8000020020030040400002000B589B057
:10692000202101A8F9F7C0FC2A482B4908604FF440
:1069300040304860002128488160C16001614161A8
:106940000421816100210177417701210162002149
:1069500080F824104FF4E061C1624FF4806101635C
:10696000012180F838100903C163012180F840102B
:1069700010214164A02181640021C16401210165CD
:10698000FBF77CF808B1FAF77DFC1448019006206B
:106990000290032003907F200490042005900020A3
:1069A000069001A90C48FAF7ABFD08B1FAF76AFCAA
:1069B0007F210948FAF770FC08B1FAF763FC01225D
:1069C00007490548FBF7DEFA08B1FAF75BFC09B0A6
:1069D00000BD0000000100502401002004006008F8
:1069E0000600002000B58BB00020089009900A90A6
:1069F00020216846F9F758FC2E482F4908604FF4CB
:106A00004030486000212C488160C16001614161D3
:106A10000421816100210177417701210162002178
:106A200080F824104FF4E061C1624FF4806101638B
:106A3000002180F83810C163012180F84010102136
:106A40004164A02181640021C16401210165FBF73B
:106A500015F808B1FAF716FC0020089008A91648A6
:106A6000FAF772FC08B1FAF70DFC14480090062002
:106A70000190032002907F200390042004900020C6
:106A8000059069460C48FAF73BFD08B1FAF7FAFBA6
:106A90007F210948FAF700FC08B1FAF7F3FB01225D
:106AA00007490548FBF76EFA08B1FAF7EBFB0BB0A4
:106AB00000BD0000000400509001002002003004DE
:106AC0000800002010B50F480F4908600120087128
:106AD00001210D48417148F2050181600821C16022
:106AE0004FF6FF7101612021416180218161012008
:106AF000054908620846FBF761FB08B1FAF7C2FBDB
:106B000010BD0000003002401C03002008B500BF8B
:106B10002F48806C40F004002D4988640846806C42
:106B200000F00400009000BF00BF00BF0846806C6A
:106B300040F0010088640846806C00F0010000907D
:106B400000BF00BF00BF0846806C40F002008864B0
:106B50000846806C00F00200009000BF00BF0022D9
:106B600002210B20FCF7FAFC0B20FCF7E3FC0022CF
:106B700002210C20FCF7F2FC0C20FCF7DBFC0022CD
:106B800002210D20FCF7EAFC0D20FCF7D3FC0022CB
:106B900003210E20FCF7E2FC0E20FCF7CBFC0022C8
:106BA00005210F20FCF7DAFC0F20FCF7C3FC0022C4
:106BB00003211020FCF7D2FC1020FCF7BBFC0022C4
:106BC00003216020FCF7CAFC6020FCF7B3FC08BD81
:106BD0000010024000B587B0142102A8F9F764FB49
:106BE00000BF3348C06C40F004003149C864084617
:106BF000C06C00F00400019000BF00BF00BF084659
:106C0000C06C40F02000C8640846C06C00F0200052
:106C1000019000BF00BF00BF0846C06C40F00100FB
:106C2000C8640846C06C00F00100019000BF00BFBE
:106C300000BF0846C06C40F00200C8640846C06C43
:106C400000F00200019000BF00BF00BF0846C06C0A
:106C500040F00800C8640846C06C00F008000190CD
:106C600000BF00BF00224FF460411248FBF7C8FD8F
:106C700000224FF47C711048FBF7C2FD4FF46040D6
:106C800002900120039000200490059002A9094879
:106C9000FBF7D0FC4FF47C700290012003900020A1
:106CA0000490059002A90448FBF7C4FC07B000BD9E
:106CB00000100240000800480004004800B5B1B0D0
:106CC00000202F9030902B902C902D902E906021B2
:106CD00013A8F9F7E9FA1C210CA8F9F7E5FA002046
:106CE00009900A900B90202101A8F9F7DDFA91484C
:106CF000914908600020486000218F488160FBF7BF
:106D0000F3FF08B1FAF7BEFA0C218B48FBF791FFAD
:106D100008B1FAF7B7FA0A218748FCF7CFF808B1AB
:106D2000FAF7B0FA00202F904FF4006030902FAAAD
:106D300001218148FBF714FE08B1FAF7A3FA0022FB
:106D400001217D48FBF768FD08B1FAF79BFA4FF483
:106D500080302F90002030902FAA04217648FBF736
:106D6000FFFD08B1FAF78EFA002204217248FBF702
:106D700053FD08B1FAF786FA0A2030902FAA202195
:106D80006D48FBF7EDFD08B1FAF77CFA00222021EF
:106D90006948FBF741FD08B1FAF774FA48F2D040B0
:106DA0002B9000202C9004202D9008202E902BAAB0
:106DB00006216148FCF7ABF808B1FAF763FA002046
:106DC00013901490159016900120179000201890A1
:106DD00019901A901B901C904FF000601D9000209D
:106DE0001E901F9020902A9013AA06215248FCF76B
:106DF00061FA08B1FAF746FA44F268202B902BAA00
:106E000000214D48FCF783F808B1FAF73BFA00205F
:106E10000C900D900E900F9012900CAA00214648F5
:106E2000FCF7B4FA08B1FAF72DFA0120139000200C
:106E300014904FF000502090002021902290239039
:106E4000249025902790102028900020299013AAA4
:106E500000213948FCF72EFA08B1FAF713FA00209E
:106E60001D90209013AA01213348FCF723FA08B1A2
:106E7000FAF708FA42F23410099009AB0122002116
:106E80002D48FCF761F808B1FAF7FCF943F2CE108F
:106E9000099000200A900B9009AB0222002126489D
:106EA000FCF752F808B1FAF7EDF941F29A000990AF
:106EB00009AB042200212048FCF746F808B1FAF794
:106EC000E1F90020019004200290082003900020A6
:106ED0000490059006900790089001AB01220021D4
:106EE0001548FCF79DF908B1FAF7CCF948F2D04003
:106EF0002B902BAA01211048FCF709F808B1FAF7EA
:106F0000C1F90CAA01210C48FCF740FA08B1FAF7C4
:106F1000B9F946F29C30099009AB012211460648A6
:106F2000FCF712F808B1FAF7ADF90348FBF794FF44
:106F300031B000BD006801404003002010B5084892
:106F4000084908600020486040F6FF710548C160AC
:106F50008160FCF745FA08B1FAF794F910BD00001A
:106F6000003000403C04002000B59BB0002017908A
:106F7000189019901A901490159016901C210DA835
:106F8000F9F792F934216846F9F78EF93B483C4904
:106F900008601020486000213948816042F20F717A
:106FA000C16000210161416180218161FDF7F9FA31
:106FB00008B1FAF767F94FF48050179017A93048D5
:106FC000FDF7C4FB08B1FAF75DF92D48FDF7CEFDDA
:106FD00008B1FAF757F9002014901590169014A9EB
:106FE0002748FDF771FA08B1FAF74CF930200D90F7
:106FF00040F6B7300E9000200F9010901190129034
:10700000139000220DA91E48FDF74FFD08B1FAF7B5
:1070100039F900200D9041F657300E9004220DA949
:107020001748FDF742FD08B1FAF72CF9002000904F
:1070300001900290039004904FF4005005900020BE
:107040000690079008904FF00070099000200A9079
:107050000B900C9069460A48FDF7C8F908B1FAF799
:1070600011F90748FDF718FB00210548FDF7B6FDAB
:1070700004210348FDF7B2FD1BB000BD002C014008
:107080004C04002000B587B00020039004900590C8
:1070900006900090019002904FF0804017490860E0
:1070A00040F2A360486000211448816044F61F61EB
:1070B000C160002101618161FDF773FA08B1FAF73F
:1070C000E1F84FF48050039003A90C48FDF73EFB14
:1070D00008B1FAF7D7F800200090029069460748F7
:1070E000FDF7F2F908B1FAF7CDF80448FDF7D4FA44
:1070F00008B1FAF7C7F807B000BD000098040020F7
:1071000010B51C481C4908601C48486000211A48FA
:107110008160C16001610C214161002181614FF4F6
:107120000041C16100210162416200201249886270
:107130000846FEF7F7FA08B1FAF7A4F84FF08041D5
:107140000D48FEF765F808B1FAF79CF84FF080613A
:107150000948FEF72EF808B1FAF794F80648FDF74B
:107160005DFE08B1FAF78EF8082205490248FDF7DE
:1071700084FE10BD004C0040B0070020A025260072
:107180002400002010B51C481C4908601C484860B9
:1071900000211A488160C16001610C214161002118
:1071A00081614FF40041C161002101624162002010
:1071B000124988620846FEF7B5FA08B1FAF762F894
:1071C0004FF080410D48FEF723F808B1FAF75AF85E
:1071D0004FF080610948FDF7ECFF08B1FAF752F86B
:1071E0000648FDF71BFE08B1FAF74CF808220549DE
:1071F0000248FDF742FE10BD005000404408002048
:10720000A02526002C00002010B51C481C49086051
:107210004FF4E1304860002119488160C16001618C
:107220000C21416100218161C16101624162002044
:10723000134988620846FEF775FA08B1FAF722F892
:1072400000210F48FDF7E4FF08B1FAF71BF8002111
:107250000B48FDF7AEFF08B1FAF714F80848FDF740
:10726000B6FD08B1FAF70EF8064801F095FF642262
:1072700005490348FDF701FE10BD0000003801403C
:10728000D8080020EC0600202406002010B51C4879
:107290001C4908604FF46120486000211948816052
:1072A000C16001610C21416100218161C161016204
:1072B00041620020134988620846FEF733FA08B19C
:1072C000F9F7E0FF00210F48FDF7A2FF08B1F9F739
:1072D000D9FF00210B48FDF76CFF08B1F9F7D2FF89
:1072E0000848FDF774FD08B1F9F7CCFF064801F036
:1072F00053FF642205490348FDF7BFFD10BD0000A0
:10730000004400406C0900204E0700208806002041
:1073100010B51C481C4908601C48486000211A48E8
:107320008160C16001610C214161002181614FF4E4
:107330000041C1610021016241620020124988625E
:107340000846FEF7EFF908B1F9F79CFF4FF08041CE
:107350000D48FDF75DFF08B1F9F794FF4FF080612C
:107360000948FDF726FF08B1F9F78CFF0648FDF73D
:1073700055FD08B1F9F786FF082205490248FDF7D7
:107380007CFD10BD00480040000A0020A02526001A
:107390001C00002000BFFEE700BFFEE701460829F1
:1073A0000DD2082207231348036003231148083035
:1073B000036042F23713001D03600020704744F25F
:1073C0006820814201D90120F8E7481E094A10606F
:1073D0000120C0EB510207480830026044F26820E7
:1073E000401A01EB5000401E024A0C32106000208F
:1073F000E4E700009C6801407047000070B5164D3E
:10740000ED6805F00304144DED68C5F303156B1C1E
:10741000022C0CD0032C09D1104DB5FBF3F50E4E08
:10742000F668C6F3062605FB06F10AE000BF0C4D20
:10743000B5FBF3F5084EF668C6F3062605FB06F124
:1074400000BF00BF044DED68C5F341656D1C6A00C7
:10745000B1FBF2F070BD00000010024000366E017A
:107460000024F40010B503E011F8013B00F8013BE3
:10747000131EA2F10104A2B2F6D110BD70470000A4
:107480002DE9FF4F89B00C4692461D4604B11DB947
:1074900001200DB0BDE8F08FBAF1060F01D2022035
:1074A000F7E7277894F8018094F802B0E078089024
:1074B0002079079094F80590022F14D060792179F3
:1074C000E278A378CDE90132CDE90310607800902D
:1074D0002378022239461B4801F0DCFE0998F9F7AF
:1074E000C9FC0220D5E70521204601F027FE06460B
:1074F0004E4514D061792079E278A378CDE9013244
:10750000CDE903016078009023784A4631460E4861
:1075100001F0C0FE0998F9F7ADFC0320B9E7C8F304
:1075200000102870C8F34010687008984BEA0021DA
:10753000079841EA004006900698C0F3140068607E
:107540000020A6E72C9D0008849D0008FEB5044697
:1075500024B916A001F09EFE0120FEBD6846F9F791
:107560003FFD20B116A001F095FE0420F5E723466B
:10757000062269460320FFF783FF064604F108034D
:1075800006220DF106010320FFF77AFF054626B11A
:1075900011A001F07FFE3046DFE725B119A001F010
:1075A00079FE2846D9E70020D7E70000E68C87E976
:1075B0009288E4B8BAE7A9BAEFBC815C6E0000001B
:1075C000E695B0E68DAEE88EB7E58F96E5A4B1E816
:1075D000B4A5EFBC815C6E00E794B5E69CBAE7BC4D
:1075E00096E7A081E599A8E69C80E696B0E5B8A765
:1075F000E8A7A3E69E90E5A4B1E8B4A5E380825C89
:107600006E000000E794B5E69CBAE7BC96E7A0815F
:10761000E599A8E4B88AE4B880E5B8A7E8A7A3E6A6
:107620009E90E5A4B1E8B4A5E380825C6E00000002
:10763000FEB504460CB90120FEBD6846F9F7E2FC30
:1076400008B10420F8E72346062269460520FFF723
:1076500017FF064604F1080306220DF10601052076
:10766000FFF70EFF05460EB13046E5E70DB128469F
:10767000E2E76068C0F310006060E068C0F31001EA
:10768000E1600020D8E7FEB504460CB90120FEBD3C
:107690006846F9F741FD08B10420F8E723460622C1
:1076A00069460420FFF7ECFE064604F108030622B3
:1076B0000DF106010420FFF7E3FE05460EB130464A
:1076C000E5E70DB12846E2E76068C0F310006060AE
:1076D000E068C0F31001E1600020D8E7F0B5034690
:1076E0000C461646112E07D0142E03D0152E05D1A8
:1076F0001B4806E01B4804E01B4802E09FED1B0A04
:10770000F0BD00BF834201D9074600E01F463B465B
:10771000844201D9074600E027463C46E11A471C4F
:107720007D08A94201DDCA1B06E06F42B94202DAB8
:10773000471CCA1900E00A4600EE102AB8EEC00A3B
:10774000DFED0B0A20EE200A9FED0A1AC0EE010AB7
:10775000471C00EE107AB8EE401A80EE810ACFE79F
:10776000FFFF1F00FFFF0F00FFFF010000000000F0
:107770000000B4436F12833A10B5044614B99FED6C
:10778000040A10BD15226168E068FFF7A7FFF8E75B
:107790000000000010B5044614B99FED040A10BDA6
:1077A00011226168E068FFF799FFF8E70000000028
:1077B00010B52DED048B84B004462CB99FED180A4A
:1077C00004B0BDEC048B10BD11226168E068FFF7C6
:1077D00085FFB0EE408A9FED130AB4EEC08AF1EE49
:1077E00010FA06DC9FED100AB4EEC08AF1EE10FA32
:1077F00012D218EE100AF8F762FD41EC190B61681D
:10780000E068CDE902018DED009B9FED080B53EC84
:10781000102B084801F03EFDB0EE480AD0E700000A
:107820000000000000606A4700606AC700000000B6
:10783000004CED40D89C00080246B4EE400AF1EE40
:1078400010FA0DD1DFED150AB4EEE00AF1EE10FAF0
:1078500006DCDFED130AB4EEE00AF1EE10FA01D215
:107860000020704700EE901AF8EEE00AB4EEE00A4D
:10787000F1EE10FA01DB0846F3E700EE902AF8EE8D
:10788000E00AB4EEE00AF1EE10FA01D81046E8E79B
:10789000FDEEC00A10EE900AE3E70000286B6E4E82
:1078A000286B6ECE10B52DED028B9FED230AB0EE46
:1078B000408A0020F9F7CAFB0020F9F7DDFBC82059
:1078C000F9F7F6F8002405E000F0FAF80220F9F7DD
:1078D000EFF8641C102CF7D3002409E000F0F0F856
:1078E00030EE080AB0EE408A0220F9F7E1F8641C95
:1078F000402CF3D39FED110AC8EE000A1048C0EDEA
:10790000000A90ED000AF7EE000AB4EEE00AF1EE8C
:1079100010FA08DC90ED000AFFEE000AB4EEE00A6F
:10792000F1EE10FA04D29FED040A054880ED000A3A
:10793000BDEC028B10BD0000000000000000804282
:107940000000002070B52DED028B8CB0044624B9E8
:1079500006200CB0BDEC028B70BD08A8FFF7F6FD49
:1079600005463DB136A001F095FC0321284600F004
:10797000EFF8EEE76846FFF786FE05463DB138A012
:1079800001F088FC0521284600F0E2F8E1E704A8B0
:10799000FFF74EFE05463DB139A001F07BFC042106
:1079A000284600F0D5F8D4E700F07EF8B0EE408A23
:1079B0009FED3B0A28EE000ABDEEC00A10EE106AE9
:1079C000B6F5FA6F02DD4FF4FA6603E016F5FA6FCA
:1079D00000DA344E30B22080099860600598C0F318
:1079E0001000E0600198C0F31000606108A8FFF784
:1079F000C3FEF0EE408A49F640414842B0EE680AC4
:107A0000FFF71AFFA06004A8FFF7C4FEF0EE408A5B
:107A10004FF47A614842B0EE680AFFF70DFF20612B
:107A20006846FFF7C5FEF0EE408A4FF47A6148429F
:107A3000B0EE680AFFF700FFA061002089E70000B0
:107A4000E794B5E69CBAE7BC96E7A081E599A8E87B
:107A5000AFBBE58F96E5A4B1E8B4A55C6E0000006D
:107A6000E69186E69D86E7BC96E7A081E599A8E8C1
:107A7000AFBBE58F96E5A4B1E8B4A55C6E0000004D
:107A8000E8BE93E587BAE8BDB4E7BC96E7A081E518
:107A900099A8E8AFBBE58F96E5A4B1E8B4A50A00C4
:107AA00000007A4430F8FFFF10B500F009F80348F1
:107AB000D0ED000A30EE600A10BD0000000000208A
:107AC00010B52DED028B00F019F8B0EE408A9FED55
:107AD000080A38EE400AF0EE408A9FED060AC8EE2A
:107AE000800A9FED051A80EE810ABDEC028B10BD65
:107AF000CDCCCC3F000024420AD7A33C08B5684651
:107B0000F9F7ECF810B19FED0F0A08BDBDF80000C1
:107B100000EE100AF8EE400ABDF8020000EE100A6E
:107B2000B8EE400A30EE800AB0EE001AC0EE010A4C
:107B30009FED050A60EE800A9FED041A80EE810A2F
:107B4000E3E70000000000003333534000008045AD
:107B500002460AB900207047042A01D10220FAE740
:107B60000846F8E72DE9F04701464FF0180911B92A
:107B70000020BDE8F08742F21C50814200D9014646
:107B800019480088884202DB18480088F1E7164847
:107B9000C08D884202DC1548C08DEAE700221EE055
:107BA000114830F812300546501C35F81040A142FB
:107BB00013DC0E4830F812508246501C3AF8107010
:107BC000E61AA7EB050CC81A00FB0CF808EB5600E8
:107BD000B0FBF6F0284480B2CBE7501C82B2172AE3
:107BE000DED30248C08DC4E7389C0008689C0008BA
:107BF00010B50020F9F72AFA0020F9F73DFA002025
:107C0000F9F712FA10BD000070B5044600250026F1
:107C10001548844202DB4042844201DD012070BDF0
:107C2000082C04DD0020F9F7FFF9A5B20CE014F1EF
:107C3000080F05DA0120F9F7F7F9604285B203E091
:107C4000FFF7D6FF0020EAE72846FFF78BFF06463E
:107C50000120F9F7FBF93046F9F70EFA08B10220D6
:107C6000DDE70020DBE70000F0D8FFFF2DE9F0475B
:107C700006460D4691469846002406B115B90120E6
:107C8000BDE8F087B9F1200F01D20220F8E75A22AF
:107C90002046611C8CB22A54A5222046611C8CB25D
:107CA0002A5402222046611C8CB22A541A222046F1
:107CB000611C8CB22A54B6F90010281901F060FA40
:107CC000A01C84B22819716801F05EFA201D84B2EC
:107CD0002819B16801F058FA201D84B22819F168FA
:107CE00001F052FA201D84B22819316901F04CFAD2
:107CF000201D84B22819716901F046FA201D84B252
:107D00002819B16901F040FA201D84B221462846A5
:107D1000F8F7B4FE07462046611C8CB22F543A0A8D
:107D20002046611C8CB22A54B8F1000F01D0A8F88B
:107D300000400020A4E700002DE9F04705468946F1
:107D40001646002405B116B90120BDE8F087B9F147
:107D50000A0F04D235A001F09DFA0220F5E7204673
:107D6000611C8CB2285C5A2805D12046611C8CB25B
:107D7000285CA52804D033A001F08CFA0220E4E7A7
:107D80002046611C8CB2285C012804D033A001F08D
:107D900081FA0220D9E72046611C8CB2285C0428B5
:107DA00001D00220D1E7281901F06CFA3080A01C24
:107DB00084B2281901F066FA7080A01C84B2295D93
:107DC000601C285C41EA002821462846F8F756FE48
:107DD0000746474506D03A46414626A001F05AFAE2
:107DE0000320B2E7B6F900002E49884204DBB6F959
:107DF00000004942884206DDB6F900102AA001F0D1
:107E000049FA0420A1E7B6F9020010F5FA6F04DB85
:107E1000B6F90200B0F5FA6F06DDB6F902102BA034
:107E200001F038FA042090E700208EE7E68C87E422
:107E3000BBA4E995BFE5BAA6E99D9EE6B395EFBC64
:107E4000815C6E00E68C87E4BBA4E5B8A7E5A4B42A
:107E5000E99499E8AFAFEFBC815C6E00E68C87E4F3
:107E6000BBA4E7B1BBE59E8BE99499E8AFAFEFBC4B
:107E7000815C6E00637263E6A0A1E9AA8CE69C892E
:107E8000E8AFAFEFBC8CE68EA5E694B6E580BC20EB
:107E90002578202C20E8AEA1E7AE97E580BC202510
:107EA00078200A00F0D8FFFFE8BDACE9809FE4B875
:107EB00087E58886E6AF94E88C83E59BB4E69C89E9
:107EC000E8AFAFEFBC9A2025640A0000E794B5E65E
:107ED000B581E8AEBEE5AE9AE88C83E59BB4E69C3E
:107EE00089E8AFAFEFBC9A2025640A0070B504465C
:107EF0000CB9012070BDB4F9000010F5FA6F04DB75
:107F0000B4F90000B0F5FA6F01DD0420F2E7606813
:107F1000002803DB6068B0F5001F01DB0420E9E7FF
:107F20002249A068884203DB4942A068884201DDFB
:107F30000420DFE7E068002803DBE068B0F5003FDD
:107F400001DB0420D6E7206910F57A6F03DB206996
:107F5000B0F57A6F01DD0420CCE76069002803DB0F
:107F60006069B0F5003F01DB0420C3E7A06910F5AC
:107F70007A6F03DBA069B0F57A6F01DD0420B9E701
:107F8000002320220A492046FFF770FE054625B14E
:107F900008A001F07FF92846ACE720210448F9F752
:107FA000A5F808B10520A5E70020A3E7C063FFFFFF
:107FB00098000020E7BB84E5B8A7E5A4B1E8B4A524
:107FC0000A0000001FB504460020009014B90120EB
:107FD00004B010BD6A460A2101A8F9F75FF808B19C
:107FE0000220F5E7BDF800000A2801D00220EFE7E3
:107FF0002246BDF8001001A8FFF79EFEE8E710B585
:10800000FBF72EFA10BD00B593B0382105A8F8F79C
:108010004BF914216846F8F747F90020FBF7F0FA0E
:10802000092005904FF48030069001200A9002202C
:108030000C9003210D9106210E9155210F910421E1
:10804000109102211191129105A8FBF703FF08B1CD
:10805000F9F718F90F2000900320019000200290FA
:108060000390049004216846FBF76CFD08B1F9F712
:1080700009F913B000BD00000348006840F4700027
:10808000014908607047000088ED00E010B5024823
:10809000FCF7FBFB10BD00004C04002010B50248AB
:1080A000FCF7F3FB10BD00004C04002010B50248A3
:1080B000FCF7EBFB10BD00009804002010B502682F
:1080C000314B984211D0B0F1804F0ED02F4B9842D7
:1080D0000BD02F4B984208D02E4B984205D02E4BF8
:1080E000984202D02D4B984203D122F070024B6887
:1080F0001A43254B98421AD0B0F1804F17D0234B2A
:10810000984214D0224B984211D0224B98420ED064
:10811000214B98420BD0224B984208D0214B9842D9
:1081200005D0214B984202D01C4B984203D122F437
:108130004072CB681A4322F080034C6943EA040280
:1081400002608B68C3620B6883620F4B98420ED04B
:10815000114B98420BD0124B984208D0114B9842C9
:1081600005D0114B984202D00C4B984201D10B69BB
:10817000036301234361036903F001031BB1036936
:1081800023F00103036110BD002C014000040040F6
:1081900000080040000C0040003401400050014045
:1081A00000400140004401400048014030B501F06A
:1081B0001F05012404FA05F3046A9C430462046A5F
:1081C00001F01F0502FA05F52C43046230BD30B5FD
:1081D0000C46816821F47F4142EA03252543294367
:1081E000816030BD0A468168034B194042F00703A5
:1081F00019438160704700008FFFCFFF30B5026ADE
:10820000056A25F00105056243688469234D2C4009
:1082100024F003040D682C4322F002028D682A43E7
:108220001F4DA84200D113E01E4DA84200D10FE01F
:108230001D4DA84200D10BE01C4DA84200D107E023
:108240001B4DA84200D103E01A4DA84206D100BF41
:1082500022F00802CD682A4322F00402104DA84201
:108260000ED0104DA8420BD00F4DA84208D00F4D94
:10827000A84205D00E4DA84202D00E4DA84207D10B
:1082800023F4807323F400734D692B438D692B43D2
:10829000436084614D684563026230BD8FFFFEFF1D
:1082A000002C0140003401400040014000440140E6
:1082B000004801400050014030B5026A056A25F0CF
:1082C0001005056243688469264D2C4024F44074EF
:1082D0000D6844EA052422F020028D6842EA051266
:1082E000214DA84200D113E0204DA84200D10FE05B
:1082F0001F4DA84200D100BF1E4DA84200D100BFB3
:108300001D4DA84200D100BF1C4DA84207D100BF9F
:1083100022F08002CD6842EA051222F04002124D9E
:10832000A8420ED0114DA8420BD0114DA84208D042
:10833000104DA84205D0104DA84202D00F4DA842C2
:1083400009D123F4806323F400634D6943EA850374
:108350008D6943EA8503436084614D6885630262E9
:1083600030BD0000FF8FFFFE002C014000340140B3
:1083700000400140004401400048014000500140DD
:1083800030B5026A056A25F4807505624368C469E0
:10839000254D2C4024F003040D682C4322F4007278
:1083A0008D6842EA0522214DA84200D113E0204DFC
:1083B000A84200D10FE01F4DA84200D100BF1E4DC2
:1083C000A84200D100BF1D4DA84200D100BF1C4DE6
:1083D000A84207D100BF22F40062CD6842EA05221C
:1083E00022F48062114DA8420ED0114DA8420BD04C
:1083F000104DA84208D0104DA84205D00F4DA842FC
:1084000002D00F4DA84209D123F4805323F4005326
:108410004D6943EA05138D6943EA05134360C4615E
:108420004D68C563026230BD8FFFFEFF002C014026
:108430000034014000400140004401400048014038
:108440000050014030B5026A056A25F48055056286
:108450004368C469264D2C4024F440740D6844EAF6
:10846000052422F400528D6842EA0532214DA842CB
:1084700000D113E0204DA84200D10FE01F4DA842CB
:1084800000D100BF1E4DA84200D100BF1D4DA84223
:1084900000D100BF1C4DA84207D100BF22F400420A
:1084A000CD6842EA053222F48042124DA8420ED035
:1084B000114DA8420BD0114DA84208D0104DA84232
:1084C00005D0104DA84202D00F4DA84209D123F487
:1084D000804323F400434D6943EA85138D6943EAE1
:1084E00085134360C4614D680564026230BD0000BD
:1084F000FF8FFFFE002C014000340140004001408E
:1085000000440140004801400050014030B5026A7B
:10851000056A25F4803505624368046D124D2C40D0
:108520000D682C4322F400320D8942EA05420F4DBA
:10853000A8420ED00E4DA8420BD00E4DA84208D036
:108540000D4DA84205D00D4DA84202D00C4DA842B9
:1085500004D123F480334D6943EA05234360046565
:108560004D688564026230BD8FFFFEFF002C014024
:1085700000340140004001400044014000480140F7
:108580000050014030B5026A056A25F48015056285
:108590004368046D134D2C400D6844EA052422F411
:1085A00000120D8942EA05520F4DA8420ED00F4D20
:1085B000A8420BD00E4DA84208D00E4DA84205D0BF
:1085C0000D4DA84202D00D4DA84204D123F48023C2
:1085D0004D6943EA8523436004654D68C5640262C2
:1085E00030BD0000FF8FFFFE002C01400034014031
:1085F000004001400044014000480140005001405B
:1086000030B50B461446026A056A25F0010505627D
:10861000816921F0F00141EA041122F00A021A43B3
:108620008161026230BD30B50B461446026A056AAC
:1086300025F010050562816921F4704141EA043199
:1086400022F0A00242EA03128161026230BD000002
:1086500010B50E48006800F0400078B140200B498A
:10866000091D086009481C38006820F040000749CF
:108670001C39086000210420F8F750FB0420F8F7AB
:10868000ADFB0348FCF766FE10BD00001C4C00402B
:10869000B007002010B50C48C06900F0400058B188
:1086A0004020094908620846006820F04000086040
:1086B00000210520F8F732FB0520F8F78FFB03486F
:1086C000FCF748FE10BD00000050004044080020A8
:1086D00070B5456E2DB90125A0F86A50A0F8685014
:1086E0001CE0082308240568AD68C5F342610568ED
:1086F000AD686A0F0A4DAD5C15FB04F5094EB65C1A
:1087000095FBF6F5A0F86A50054D6D5C15FB03F579
:10871000044E765C95FBF6F5A0F8685070BD00003D
:10872000B09C0008B89C000890F8281001F00801DF
:10873000082907D10168496821F40041826B11437F
:108740000268516090F8281001F0010139B1016808
:10875000496821F40031C26A11430268516090F8FF
:10876000281001F00201022907D10168496821F4AB
:108770008031026B11430268516090F8281001F0BB
:108780000401042907D10168496821F48021426B62
:1087900011430268516090F8281001F0100110296F
:1087A00007D10168896821F48051C26B11430268C6
:1087B000916090F8281001F02001202907D101686C
:1087C000896821F40051026C11430268916090F8AD
:1087D000281001F04001402913D10168496821F4B3
:1087E0008011426C114302685160416CB1F5801FE9
:1087F00007D10168496821F4C001826C1143026805
:10880000516090F8281001F08001802907D101689B
:10881000496821F40021C26C11430268516070471D
:1088200038B504460020C4F89000F9F7EFFF05467C
:108830002068006800F00800082821D16FF07E4011
:108840002B4600224FF400110090204600F0ECFB74
:10885000B0B100BF00BF216851E8001F21F08000C7
:10886000226842E800010029F5D100BF2020C4F8A9
:10887000880000BF002084F8840000BF032038BDBA
:108880002068006800F00400042830D16FF07E40BA
:108890002B4600224FF480010090204600F0C4FBDC
:1088A00028B300BF00BF216851E8001F21F4907079
:1088B000226842E800010029F5D100BF00BF00BFD7
:1088C0002168083151E8001F21F0010021680831BA
:1088D00041E80002002AF3D100BF2020C4F88C0038
:1088E00000BF002084F8840000BF0320C7E72020D9
:1088F000C4F88800C4F88C000020E066206700BF40
:1089000084F8840000BF00BFB9E770B50446A56ACB
:108910000020A5F85E002846FCF7ACFC70BD2DE9F0
:10892000F0410546AC6AD4F88860D4F88C702068B1
:10893000806800F08000802807D1212E05D100201A
:10894000A4F85600204600F007F92068806800F07F
:108950004000402807D1222F05D10020A4F85E0056
:10896000204600F0ABF8D4F8900040F01000C4F8B6
:1089700090002046FCF77EFCBDE8F08170B505460E
:10898000AC6A2868006800F02000E0BB0020A4F872
:108990005E0000BF00BF216851E8001F21F4807015
:1089A000226842E800010029F5D100BF00BF00BFE6
:1089B0002168083151E8001F21F0010021680831C9
:1089C00041E80002002AF3D100BF00BF00BF2168C8
:1089D000083151E8001F21F040002168083141E8CA
:1089E0000002002AF3D100BF2020C4F88C00E06E02
:1089F00001280ED100BF00BF216851E8001F21F0FF
:108A00001000226800E004E042E800010029F3D1F0
:108A100000BF00202067E06E012805D1B4F85C108B
:108A20002046FCF75BFA02E02046FDF72BF970BD0B
:108A300070B50546AC6A01202067E06E012806D1BA
:108A4000B4F85C0041082046FCF748FA02E02046F2
:108A5000FDF719F970BD70B50546AC6A2868006865
:108A600000F02000F0B90020A4F8560000BF00BFBD
:108A70002168083151E8001F21F080002168083189
:108A800041E80002002AF3D100BF00BF00BF216807
:108A900051E8001F41F04000226842E8000100292F
:108AA000F5D102E02046FDF7A1F970BD70B504468E
:108AB000A56A2846FDF79BF970BD000000BF00BF06
:108AC000026852E8002F22F49071036843E8001214
:108AD000002AF5D100BF00BF00BF0268083252E88B
:108AE000002F104B02EA03010268083242E800132B
:108AF000002BF2D100BFC16E01290CD100BF00BF15
:108B0000026852E8002F22F01001036843E80012C7
:108B1000002AF5D100BF2021C0F88C100021C166C9
:108B200041677047FEFFFFEF10B5044600BF00BF6E
:108B3000216851E8001F21F04000226842E800014E
:108B40000029F5D100BF2020C4F888000020A067CC
:108B50002046FDF74BF910BD00BF00BF026852E888
:108B6000002F22F0C001036843E80012002AF5D16B
:108B700000BF00BF00BF0268083252E8002F22F495
:108B800000010268083242E80013002BF3D100BF55
:108B90002021C0F8881070472DE9FE4F04460020C0
:108BA0000290E4492068884200D100E000BF2169BA
:108BB000A068084361690843E16940EA0108206848
:108BC0000068DD49084040EA080021680860206824
:108BD000406820F44050E168084321684860D4F8B8
:108BE0001880D4492068884202D0206A40EA0808E8
:108BF00020688068D149084040EA08002168886000
:108C00002068C06A20F00F00616A08432168C862CA
:108C100000BFCB492068884216D1CA48006800F0DE
:108C2000030030B1012808D0022804D0032808D15D
:108C300005E0012507E0022505E0042503E00825FD
:108C400001E0102500BF8DE0BF492068884216D1A1
:108C5000BC48006800F00C0030B1042808D0082897
:108C600004D00C2808D105E0002507E0022505E026
:108C7000042503E0082501E0102500BF72E0B34998
:108C80002068884216D1AF48006800F0300030B14B
:108C9000102808D0202804D0302808D105E000256D
:108CA00007E0022505E0042503E0082501E0102582
:108CB00000BF57E0A6492068884216D1A148006845
:108CC00000F0C00030B1402808D0802804D0C0286F
:108CD00008D105E0002507E0022505E0042503E0B2
:108CE000082501E0102500BF3CE09A492068884231
:108CF00019D19448006800F4407048B1B0F5807F05
:108D00000AD0B0F5007F05D0B0F5407F08D105E06E
:108D1000002507E0022505E0042503E0082501E021
:108D2000102500BF1EE083492068884219D185487C
:108D3000006800F4406048B1B0F5806F0AD0B0F52B
:108D4000006F05D0B0F5406F08D105E0002507E0C1
:108D5000022505E0042503E0082501E0102500BFF9
:108D600000E0102500BF7349206888425BD135B10F
:108D7000022D08D0042D08D0082D0DD109E0FAF7F6
:108D8000F9FF06460CE0744E0AE0FBF717F80646BA
:108D900006E04FF4004603E000260120029000BFE9
:108DA00000BF002E10D06D49606A31F81000B6FB8C
:108DB000F0F9606800EB4000484503D860680003A4
:108DC000484502D201200290A8E06449606A31F867
:108DD00010C06246002330461946F7F71BFA4FF4DD
:108DE000807C0022A0FB0C3B01FB0CB100FB0210BD
:108DF0006168490859185041CDE90010D4F804C001
:108E00006246002308460199F7F704FA0746B7F5CA
:108E1000407F05D3B7F5801F02D22068C7607DE090
:108E2000012002907AE0E069B0F5004F3FD1092DB2
:108E300017D2DFE805F005090D160F1616161300F8
:108E4000FAF798FF064610E0FAF7A6FF06460CE090
:108E5000414E0AE0FAF7B2FF064606E04FF400463C
:108E600003E000260120029000BF00BF86B33B490B
:108E7000606A31F81000B6FBF0F04000616800EB6A
:108E80005100B0FBF1F7102F0ED3B7F5803F0BD296
:108E90004FF6F07007EA000AC7F342004AEA000AF8
:108EA0002068C0F80CA039E00120029036E0092DBE
:108EB00018D2DFE805F005090E1710171717140070
:108EC000FAF758FF064611E0FAF766FF06460DE08E
:108ED00024E0214E0AE0FAF771FF064606E04FF45F
:108EE000004603E000260120029000BF00BFAEB1A3
:108EF0001A49606A31F81000B6FBF0F0616800EBC7
:108F00005100B0FBF1F7102F06D3B7F5803F03D225
:108F1000B8B22168C86001E0012002900120A4F8E5
:108F20006A00A4F8680000206067A0670298BDE8A6
:108F3000FE8F000000800040F369FFCFFFF4FF11B7
:108F400000380140881002400044004000480040C2
:108F5000004C0040005000400024F400989C0008A1
:108F600070B504460E46154644F8586FA58000209B
:108F7000A06322206063A06A583CF8B12748241DF2
:108F8000E16FC8622648E16F08632648E16F4863D5
:108F90000020E16F886354F8043C03F12401626D02
:108FA000E06F241F2B46F9F7CFFA38B11020C4F830
:108FB00090002020C4F88C00012070BD206960B1B1
:108FC00000BF00BF216851E8001F41F48070226893
:108FD00042E800010029F5D100BF00BF00BF2168B1
:108FE000083151E8001F41F001002168083141E8D3
:108FF0000002002AF3D100BF00BF00BF2168083182
:1090000051E8001F41F040002168083141E80002AA
:10901000002AF3D100BF0020CFE700007D890008BF
:10902000318A00081F8900082DE9F04104460D46E9
:1090300017469846069E41E0701C00283ED0F9F77E
:10904000E5FBA0EB0800B04200D816B90320BDE84C
:10905000F0812068006800F0040070B3802D2DD0EE
:10906000402D2BD02068C069C0F3C00078B1082023
:10907000216808622046FFF721FD0820C4F890000F
:1090800000BF002084F8840000BF0120DFE72068D3
:10909000C069C0F3C02080B14FF40060216808624D
:1090A0002046FFF70BFD2020C4F8900000BF0020F1
:1090B00084F8840000BF0320C9E7FFE72068C06987
:1090C0002840A84201D1012000E00020B842B3D0DE
:1090D0000020BCE710B50248FCF73CF910BD0000C9
:1090E000D808002010B50248FCF734F910BD000084
:1090F0006C09002010B50E48006800F0400078B1FF
:1091000040200B49091D086009481C38006820F000
:10911000400007491C39086000210320F7F7FEFDD5
:109120000320F7F75BFE0348FCF714F910BD0000BD
:109130001C480040000A002000BFFEE730B503468F
:109140000C46002103B10CB9002030BD002213E011
:10915000985C414000250BE001F0800020B1012027
:1091600000EB4100C1B201E04806010E681CC5B227
:10917000082DF1D3501C82B2A242E9DB0846E4E795
:1091800001700A0A4270704701700A0A42700A0CA4
:1091900082700A0EC270704700B97047002180F8D3
:1091A000601080F8611000BFF7E7014609B901209F
:1091B000704791F8600091F86120904201D1012040
:1091C000F6E70020F4E7024602B111B94FF0FF3094
:1091D000704792F8610092F86030984202D14FF0E7
:1091E000FF30F5E792F8610000EB400002EB8000F1
:1091F00003680B6043684B608068886012F8610FF9
:10920000401C107012F86109082802DB002082F867
:1092100061000020DCE72DE9F04104460F461546C9
:1092200004B11FB94FF0FF30BDE8F08194F8600041
:10923000401CC6B2082E00DB002694F86100B04244
:1092400002D14FF0FF30EFE70A2D00DD0A2594F838
:10925000600000EB400004EB80082A46394608F124
:109260000200FEF7FFF8A8F8005014F8600F401C49
:10927000207014F86009082802DB002084F86000E0
:109280000020D1E7014608784A7840EA022000B27F
:10929000704700000FB4054B10B503A9044A0298AB
:1092A00000F0F6F810BC5DF814FB0000999B000874
:1092B0009400002002480068C0F3022070470000BC
:1092C0000CED00E010B5002804DB0A07130E054A78
:1092D000135406E00A07140E034A00F00F031B1F85
:1092E000D45410BD00E400E018ED00E002E008C82E
:1092F000121F08C1002AFAD170477047002001E010
:1093000001C1121F002AFBD1704700002DE9FF5F49
:1093100082B00021DDE90430020DDDF840B00343E6
:1093200018D044F61050A2F2FF324243151411989F
:1093300001281FD0A5EB0B00401C5FEA000A4FF08C
:1093400000064E4FDFF83891B046504615D5CAF1A9
:10935000000413E0119801244AA3012801D16FEA07
:109360000B010298119AC0E90031C0E9024206B02F
:10937000BDE8F09FCBF10000DFE704460021404A42
:10938000491842EB0450CDE9001012E0E00707D085
:1093900032463B4640464946F7F780F880468946C4
:1093A00032463B4610461946F7F778F806460F4610
:1093B0006410002CEAD1DDE90401DDE90023BAF1F3
:1093C000000F06DAF7F76AF842464B46F7F766F8F9
:1093D00005E0F7F7D5F842464B46F7F7D1F80446D3
:1093E0000E460022284BF7F753F903D84FF0FF3011
:1093F000014607E00022254B20463146F6F7A7FF3D
:10940000F7F72DF9102409E0002C0ADB0A220023CB
:10941000F6F700FF039B30321A55641E50EA010232
:10942000F2D1641C039AC4F111031444119A012A65
:1094300003D0012208430DD10AE0084304D00020E4
:109440004FF0110B119072E7A3EB0B056D1E0DE0B1
:109450005B4504DD4FF0000205F1010504E003DA8D
:109460004FF00002A5F10105002AECD002981199F5
:10947000C0E90231C0E9004579E70000000014406E
:109480000000F03F300000000000F0430000E03F2B
:109490002DE9FF4F95B09A46884606460025EEE135
:1094A000252877D100242746F94A0121039400E0BA
:1094B000044316F8013F203B01FA03F01042F7D1B4
:1094C00030782A2811D06FF02F033078A0F13002C5
:1094D000092A16D8039A44F0020402EB820203EB35
:1094E00042021044761C0390EFE758F8042B0392D5
:1094F000002A03DA504244F40054039044F002047A
:10950000761C30782E2816D116F8010F44F004048A
:109510002A280DD06FF02F023078A0F13003092BEC
:1095200009D807EB870302EB4303C718761CF3E760
:1095300058F8047B761C30786C280FD006DC4C2859
:1095400017D068280DD06A2814D104E0742810D0F0
:109550007A280FD10DE044F400140AE044F480149A
:1095600001E044F440147278824202D104F5801480
:10957000761C761C307866280BD013DC582877D000
:1095800009DC002875D04528F6D04628F4D04728B5
:109590001AD193E118E0632835D0642879D0652882
:1095A00012D18BE1702873D008DC6728F1D06928CC
:1095B0006FD06E280DD06F2806D1ACE073282CD068
:1095C000752874D0782853D05246179990476D1C4F
:1095D00054E1C4F30250022809D003280DD0D8F872
:1095E000001004280DD00D6008F1040846E1D8F8F9
:1095F0000010EA17C1E90052F6E7D8F800100D8014
:10960000F2E70D70F0E718F8041B8DF80010002049
:109610008DF80100EB46012003E058F804BB4FF041
:10962000FF3061074FF0000102D40DE009F10101A4
:109630008946B9420FDA8145F8DB1BF80910002989
:10964000F4D108E009F1010189468142FADB1BF8F7
:1096500009100029F6D103985346A0EB09072146CB
:109660003846179A00F080FA284400EB090507E015
:1096700044E008E10DE01BF8010B524617999047B2
:10968000B9F10109F7D2534621463846179AF2E05C
:1096900039E00A21C4F302524FF0000B0091022A74
:1096A00006D058F8040BC117032A09D00AE023E0BA
:1096B00008F1070020F00702F2E80201904605E0F9
:1096C00000B2C117042A01D140B2C117002906DA3D
:1096D0000A460021404261EB02012D2202E02205F0
:1096E00004D52B228DF80420012203E0E20701D0EB
:1096F0002022F7E7914657E00A2100E010214FF0C1
:10970000000B00910BE010214FF0000B44F004041B
:109710000827009103E008204FF0000B0090C4F3ED
:109720000252022A05D058F8040B0021032A08D05F
:1097300008E008F1070020F00702F2E80201904675
:1097400003E080B2042A00D1C0B24FF00009220722
:109750002AD53278702A07D0DDF800C08CF0100CC2
:109760005CEA0B0C05D00EE040228DF804200122AB
:1097700008E050EA010306D030238DF804308DF85C
:10978000052002229146009B83F0080353EA0B0355
:109790000AD150EA010201D1620705D530228DF8C5
:1097A00004204FF001097F1E3278582A04D039A2D4
:1097B0000C920CAA02920BE03BA2F9E75B46009ADE
:1097C000F6F728FD0C9B9B5C029A521E02921370C6
:1097D00050EA0102F2D1029804A9081A00F1200B04
:1097E000600702D524F4803400E001275F4502DDE4
:1097F000A7EB0B0000E0002000EB0B0100900398AA
:109800004944401A0390E00306D453462146179A70
:10981000039800F0A9F90544002706E001A8524684
:10982000C05D179990476D1C7F1C4F45F6DBE00328
:109830000CD553462146179A039800F095F9054434
:1098400004E030205246179990476D1C0099481E3D
:1098500000900029F5DC08E0029802995246007851
:10986000491C0291179990476D1CBBF10001ABF1A7
:10987000010BF1DC5BE100F065F90544761C307802
:1098800000287FF40DAE19B02846BDE8F08F000027
:1098900009280100303132333435363738396162C6
:1098A000636465660000000030313233343536378A
:1098B000383941424344454600000000600700D467
:1098C000062708F1070020F00700F0E80223804691
:1098D00003F0004C5FEA0C0001D097A009E02005DE
:1098E00001D596A005E0E00701D095A001E0AFF218
:1098F0004C001390307823F0004365280CD006DC30
:10990000452809D046281DD047287FD13BE066284E
:1099100018D067287AD136E00021112F01DB112001
:1099200000E0781CCDE9000104A90CA8FFF7EEFCCB
:10993000DDE90D010C9A4FF0000B07F101091092BF
:1099400000914EE04FF000400097CDE9011004A9CE
:109950000CA8FFF7DBFCDDE90D020C9B0F994FF023
:10996000000B91461093009211B9791C00EB01098C
:10997000B7EB090003D4C0F1FF3B07F10109A9EBE4
:109980000700019042E0012F00DA01270021112F8A
:1099900001DD112000E03846CDE9000104A90CA842
:1099A000FFF7B4FCDDE90D010C9A00914FF0000BBC
:1099B000B946109221070FD4009A4A4503DA91461E
:1099C00001E0A9F10109B9F1010F05DD109AA9F132
:1099D0000101515C3029F4D0B84202DA10F1040FD1
:1099E00003DA0121CDE9011010E0002803DC8344F3
:1099F000A9EB000102E0411C494500DD8946A0EBCE
:109A00000B00401C01904FF000400290200705D44D
:109A10000198484502DB4FF0FF30019000208DF89F
:109A20004B0002980DF14B07B0F1004F25D00220FA
:109A30000C902B200D90029800280CDA40420290E6
:109A40002D200D9007E00A210298F6F74BFC3031EB
:109A5000029007F8011D0C99481E0C900029F2DCB9
:109A600002980028EFD1791E0D980870307800F028
:109A7000200040F0450007F8020D11A8C01BC01DD2
:109A800002901398007800B1012000EB09010198C1
:109A900001EBE071029801440398401A401E0390C4
:109AA000E00306D453462146179A039800F05CF869
:109AB00005441398007818B15246179990476D1CC9
:109AC000E00323D553462146179A039800F04CF83B
:109AD00005441BE0BBF1000F07DB0098584504DD8F
:109AE0001098179910F80B0001E017993020524692
:109AF000904701980BF1010B401E05F10105019003
:109B000004D12E205246179990476D1CB9F10001DF
:109B1000A9F10109DEDC05E017F8010B524617999F
:109B200090476D1C0299481E02900029F4DC5346B0
:109B30002146179A03989EE62D0000002B00000096
:109B4000200000002DE9F041044600251E4617467E
:109B5000880404D405E039462020B0476D1C641EFB
:109B6000F9D52846BDE8F0812DE9F04104460025ED
:109B70001E469046C80301D5302700E02027880400
:109B800004D505E041463846B0476D1C641EF9D542
:109B90002846BDE8F081000038B504460D46E0B225
:109BA00000904FF47A73012269460248FCF76CF882
:109BB000204638BDD8080020F9F75EFCFEF723FAEE
:109BC000FDF708F8FCF7A2FFFCF77CFFFDF798FA19
:109BD000FDF7D8FAFDF718FBFDF758FBFDF798FBEA
:109BE000FCF728FEFCF79AFEFCF7FCFEFDF766F892
:109BF000FDF7BAF9FDF7A2F9FDF744FA01210D4886
:109C0000F9F738FB04210B48F9F734FB4FF4003126
:109C10000848F9F7B3FA4FF480210648F9F7AEFA8D
:109C20004FF480310348F9F78BFAF6F7E3FE00BFF3
:109C3000FEE7000040030020000026004400700002
:109C4000A100D000FE0034019201F30183037505E9
:109C500067075A094D0B480D3C0F1E130717EF1AE3
:109C6000D71EBF22B3241C2582008C009600C8009A
:109C7000FA002C015E019001F4015802E803DC05B2
:109C8000D007C409B80BAC0DA00F88137017581B70
:109C9000401F28231C257625010002000400060031
:109CA00008000A000C0010002000400080000001A5
:109CB0000101010307010000080402040801010179
:109CC000000000000000000001020304060708096C
:109CD00000000000010203045BE69186E69D86E930
:109CE000809FE5BAA65D207C7370647C3E252E3093
:109CF00066206465672F733A207370643D252E32A9
:109D00006620E4B88AE4B880E5B8A7E4BD8DE7BD75
:109D1000AE3D256C7520E5BD93E5898DE5B8A7E4DA
:109D2000BD8DE7BDAE3D256C750D0A00E5B8A7E514
:109D3000A4B4E99499E8AFAF3A20434D3D3078257B
:109D400030325820E69C9FE69C9B3D30782530328F
:109D50005820E585ADE5AD97E88A82E695B4E5B88B
:109D6000A73A20253032582025303258202530326D
:109D7000582025303258202530325820253032588E
:109D800000000000435243E6A0A1E9AA8CE5A4B17B
:109D9000E8B4A53A20E8AEA1E7AE973D307825308B
:109DA000325820E68EA5E694B63D307825303258FC
:109DB00020E585ADE5AD97E88A82E695B4E5B8A7DC
:109DC0003A2025303258202530325820253032585C
:109DD0002025303258202530325820253032580086
:109DE000009E00080000002098000000EC9200088F
:109DF000989E000898000020A0100000FC92000827
:109E00000000000000000000000000000000000052
:109E1000CDCCCC3F0000000000000000000000009E
:109E20000000000000000000000000000000000032
:109E30000000000000000000000000000000000022
:109E40000000000000000000000000000000000012
:109E50000000000000000000000000000000000002
:109E600000000000000000000000000010000000E2
:109E700001000000000002000000040000000800D3
:109E80000000100000002000000040000000010061
:089E90000024F40000000000B2
:04000005080001D915
:00000001FF
